-- MySQL dump 10.13  Distrib 8.0.21, for Win64 (x86_64)
--
-- Host: 127.0.0.1    Database: laptop_shop2
-- ------------------------------------------------------
-- Server version	8.0.21

/*!40101 SET @OLD_CHARACTER_SET_CLIENT=@@CHARACTER_SET_CLIENT */;
/*!40101 SET @OLD_CHARACTER_SET_RESULTS=@@CHARACTER_SET_RESULTS */;
/*!40101 SET @OLD_COLLATION_CONNECTION=@@COLLATION_CONNECTION */;
/*!50503 SET NAMES utf8 */;
/*!40103 SET @OLD_TIME_ZONE=@@TIME_ZONE */;
/*!40103 SET TIME_ZONE='+00:00' */;
/*!40014 SET @OLD_UNIQUE_CHECKS=@@UNIQUE_CHECKS, UNIQUE_CHECKS=0 */;
/*!40014 SET @OLD_FOREIGN_KEY_CHECKS=@@FOREIGN_KEY_CHECKS, FOREIGN_KEY_CHECKS=0 */;
/*!40101 SET @OLD_SQL_MODE=@@SQL_MODE, SQL_MODE='NO_AUTO_VALUE_ON_ZERO' */;
/*!40111 SET @OLD_SQL_NOTES=@@SQL_NOTES, SQL_NOTES=0 */;

--
-- Table structure for table `auth_group`
--

DROP TABLE IF EXISTS `auth_group`;
/*!40101 SET @saved_cs_client     = @@character_set_client */;
/*!50503 SET character_set_client = utf8mb4 */;
CREATE TABLE `auth_group` (
  `id` int NOT NULL AUTO_INCREMENT,
  `name` varchar(150) NOT NULL,
  PRIMARY KEY (`id`),
  UNIQUE KEY `name` (`name`)
) ENGINE=InnoDB DEFAULT CHARSET=utf8mb4 COLLATE=utf8mb4_0900_ai_ci;
/*!40101 SET character_set_client = @saved_cs_client */;

--
-- Dumping data for table `auth_group`
--

LOCK TABLES `auth_group` WRITE;
/*!40000 ALTER TABLE `auth_group` DISABLE KEYS */;
/*!40000 ALTER TABLE `auth_group` ENABLE KEYS */;
UNLOCK TABLES;

--
-- Table structure for table `auth_group_permissions`
--

DROP TABLE IF EXISTS `auth_group_permissions`;
/*!40101 SET @saved_cs_client     = @@character_set_client */;
/*!50503 SET character_set_client = utf8mb4 */;
CREATE TABLE `auth_group_permissions` (
  `id` bigint NOT NULL AUTO_INCREMENT,
  `group_id` int NOT NULL,
  `permission_id` int NOT NULL,
  PRIMARY KEY (`id`),
  UNIQUE KEY `auth_group_permissions_group_id_permission_id_0cd325b0_uniq` (`group_id`,`permission_id`),
  KEY `auth_group_permissio_permission_id_84c5c92e_fk_auth_perm` (`permission_id`),
  CONSTRAINT `auth_group_permissio_permission_id_84c5c92e_fk_auth_perm` FOREIGN KEY (`permission_id`) REFERENCES `auth_permission` (`id`),
  CONSTRAINT `auth_group_permissions_group_id_b120cbf9_fk_auth_group_id` FOREIGN KEY (`group_id`) REFERENCES `auth_group` (`id`)
) ENGINE=InnoDB DEFAULT CHARSET=utf8mb4 COLLATE=utf8mb4_0900_ai_ci;
/*!40101 SET character_set_client = @saved_cs_client */;

--
-- Dumping data for table `auth_group_permissions`
--

LOCK TABLES `auth_group_permissions` WRITE;
/*!40000 ALTER TABLE `auth_group_permissions` DISABLE KEYS */;
/*!40000 ALTER TABLE `auth_group_permissions` ENABLE KEYS */;
UNLOCK TABLES;

--
-- Table structure for table `auth_permission`
--

DROP TABLE IF EXISTS `auth_permission`;
/*!40101 SET @saved_cs_client     = @@character_set_client */;
/*!50503 SET character_set_client = utf8mb4 */;
CREATE TABLE `auth_permission` (
  `id` int NOT NULL AUTO_INCREMENT,
  `name` varchar(255) NOT NULL,
  `content_type_id` int NOT NULL,
  `codename` varchar(100) NOT NULL,
  PRIMARY KEY (`id`),
  UNIQUE KEY `auth_permission_content_type_id_codename_01ab375a_uniq` (`content_type_id`,`codename`),
  CONSTRAINT `auth_permission_content_type_id_2f476e4b_fk_django_co` FOREIGN KEY (`content_type_id`) REFERENCES `django_content_type` (`id`)
) ENGINE=InnoDB AUTO_INCREMENT=61 DEFAULT CHARSET=utf8mb4 COLLATE=utf8mb4_0900_ai_ci;
/*!40101 SET character_set_client = @saved_cs_client */;

--
-- Dumping data for table `auth_permission`
--

LOCK TABLES `auth_permission` WRITE;
/*!40000 ALTER TABLE `auth_permission` DISABLE KEYS */;
INSERT INTO `auth_permission` VALUES (1,'Can add log entry',1,'add_logentry'),(2,'Can change log entry',1,'change_logentry'),(3,'Can delete log entry',1,'delete_logentry'),(4,'Can view log entry',1,'view_logentry'),(5,'Can add permission',2,'add_permission'),(6,'Can change permission',2,'change_permission'),(7,'Can delete permission',2,'delete_permission'),(8,'Can view permission',2,'view_permission'),(9,'Can add group',3,'add_group'),(10,'Can change group',3,'change_group'),(11,'Can delete group',3,'delete_group'),(12,'Can view group',3,'view_group'),(13,'Can add user',4,'add_user'),(14,'Can change user',4,'change_user'),(15,'Can delete user',4,'delete_user'),(16,'Can view user',4,'view_user'),(17,'Can add content type',5,'add_contenttype'),(18,'Can change content type',5,'change_contenttype'),(19,'Can delete content type',5,'delete_contenttype'),(20,'Can view content type',5,'view_contenttype'),(21,'Can add session',6,'add_session'),(22,'Can change session',6,'change_session'),(23,'Can delete session',6,'delete_session'),(24,'Can view session',6,'view_session'),(25,'Can add Компания',7,'add_company'),(26,'Can change Компания',7,'change_company'),(27,'Can delete Компания',7,'delete_company'),(28,'Can view Компания',7,'view_company'),(29,'Can add Процессор',8,'add_cpu'),(30,'Can change Процессор',8,'change_cpu'),(31,'Can delete Процессор',8,'delete_cpu'),(32,'Can view Процессор',8,'view_cpu'),(33,'Can add Видеокарта',9,'add_gpu'),(34,'Can change Видеокарта',9,'change_gpu'),(35,'Can delete Видеокарта',9,'delete_gpu'),(36,'Can view Видеокарта',9,'view_gpu'),(37,'Can add Тест',10,'add_laptoppricetest'),(38,'Can change Тест',10,'change_laptoppricetest'),(39,'Can delete Тест',10,'delete_laptoppricetest'),(40,'Can view Тест',10,'view_laptoppricetest'),(41,'Can add ОС',11,'add_opsys'),(42,'Can change ОС',11,'change_opsys'),(43,'Can delete ОС',11,'delete_opsys'),(44,'Can view ОС',11,'view_opsys'),(45,'Can add Заказ',12,'add_orders'),(46,'Can change Заказ',12,'change_orders'),(47,'Can delete Заказ',12,'delete_orders'),(48,'Can view Заказ',12,'view_orders'),(49,'Can add Тип ноутбука',13,'add_typename'),(50,'Can change Тип ноутбука',13,'change_typename'),(51,'Can delete Тип ноутбука',13,'delete_typename'),(52,'Can view Тип ноутбука',13,'view_typename'),(53,'Can add Ноутбук',14,'add_laptopprice'),(54,'Can change Ноутбук',14,'change_laptopprice'),(55,'Can delete Ноутбук',14,'delete_laptopprice'),(56,'Can view Ноутбук',14,'view_laptopprice'),(57,'Can add Состав заказа',15,'add_laptoppriceorders'),(58,'Can change Состав заказа',15,'change_laptoppriceorders'),(59,'Can delete Состав заказа',15,'delete_laptoppriceorders'),(60,'Can view Состав заказа',15,'view_laptoppriceorders');
/*!40000 ALTER TABLE `auth_permission` ENABLE KEYS */;
UNLOCK TABLES;

--
-- Table structure for table `auth_user`
--

DROP TABLE IF EXISTS `auth_user`;
/*!40101 SET @saved_cs_client     = @@character_set_client */;
/*!50503 SET character_set_client = utf8mb4 */;
CREATE TABLE `auth_user` (
  `id` int NOT NULL AUTO_INCREMENT,
  `password` varchar(128) NOT NULL,
  `last_login` datetime(6) DEFAULT NULL,
  `is_superuser` tinyint(1) NOT NULL,
  `username` varchar(150) NOT NULL,
  `first_name` varchar(150) NOT NULL,
  `last_name` varchar(150) NOT NULL,
  `email` varchar(254) NOT NULL,
  `is_staff` tinyint(1) NOT NULL,
  `is_active` tinyint(1) NOT NULL,
  `date_joined` datetime(6) NOT NULL,
  PRIMARY KEY (`id`),
  UNIQUE KEY `username` (`username`)
) ENGINE=InnoDB DEFAULT CHARSET=utf8mb4 COLLATE=utf8mb4_0900_ai_ci;
/*!40101 SET character_set_client = @saved_cs_client */;

--
-- Dumping data for table `auth_user`
--

LOCK TABLES `auth_user` WRITE;
/*!40000 ALTER TABLE `auth_user` DISABLE KEYS */;
/*!40000 ALTER TABLE `auth_user` ENABLE KEYS */;
UNLOCK TABLES;

--
-- Table structure for table `auth_user_groups`
--

DROP TABLE IF EXISTS `auth_user_groups`;
/*!40101 SET @saved_cs_client     = @@character_set_client */;
/*!50503 SET character_set_client = utf8mb4 */;
CREATE TABLE `auth_user_groups` (
  `id` bigint NOT NULL AUTO_INCREMENT,
  `user_id` int NOT NULL,
  `group_id` int NOT NULL,
  PRIMARY KEY (`id`),
  UNIQUE KEY `auth_user_groups_user_id_group_id_94350c0c_uniq` (`user_id`,`group_id`),
  KEY `auth_user_groups_group_id_97559544_fk_auth_group_id` (`group_id`),
  CONSTRAINT `auth_user_groups_group_id_97559544_fk_auth_group_id` FOREIGN KEY (`group_id`) REFERENCES `auth_group` (`id`),
  CONSTRAINT `auth_user_groups_user_id_6a12ed8b_fk_auth_user_id` FOREIGN KEY (`user_id`) REFERENCES `auth_user` (`id`)
) ENGINE=InnoDB DEFAULT CHARSET=utf8mb4 COLLATE=utf8mb4_0900_ai_ci;
/*!40101 SET character_set_client = @saved_cs_client */;

--
-- Dumping data for table `auth_user_groups`
--

LOCK TABLES `auth_user_groups` WRITE;
/*!40000 ALTER TABLE `auth_user_groups` DISABLE KEYS */;
/*!40000 ALTER TABLE `auth_user_groups` ENABLE KEYS */;
UNLOCK TABLES;

--
-- Table structure for table `auth_user_user_permissions`
--

DROP TABLE IF EXISTS `auth_user_user_permissions`;
/*!40101 SET @saved_cs_client     = @@character_set_client */;
/*!50503 SET character_set_client = utf8mb4 */;
CREATE TABLE `auth_user_user_permissions` (
  `id` bigint NOT NULL AUTO_INCREMENT,
  `user_id` int NOT NULL,
  `permission_id` int NOT NULL,
  PRIMARY KEY (`id`),
  UNIQUE KEY `auth_user_user_permissions_user_id_permission_id_14a6b632_uniq` (`user_id`,`permission_id`),
  KEY `auth_user_user_permi_permission_id_1fbb5f2c_fk_auth_perm` (`permission_id`),
  CONSTRAINT `auth_user_user_permi_permission_id_1fbb5f2c_fk_auth_perm` FOREIGN KEY (`permission_id`) REFERENCES `auth_permission` (`id`),
  CONSTRAINT `auth_user_user_permissions_user_id_a95ead1b_fk_auth_user_id` FOREIGN KEY (`user_id`) REFERENCES `auth_user` (`id`)
) ENGINE=InnoDB DEFAULT CHARSET=utf8mb4 COLLATE=utf8mb4_0900_ai_ci;
/*!40101 SET character_set_client = @saved_cs_client */;

--
-- Dumping data for table `auth_user_user_permissions`
--

LOCK TABLES `auth_user_user_permissions` WRITE;
/*!40000 ALTER TABLE `auth_user_user_permissions` DISABLE KEYS */;
/*!40000 ALTER TABLE `auth_user_user_permissions` ENABLE KEYS */;
UNLOCK TABLES;

--
-- Table structure for table `django_admin_log`
--

DROP TABLE IF EXISTS `django_admin_log`;
/*!40101 SET @saved_cs_client     = @@character_set_client */;
/*!50503 SET character_set_client = utf8mb4 */;
CREATE TABLE `django_admin_log` (
  `id` int NOT NULL AUTO_INCREMENT,
  `action_time` datetime(6) NOT NULL,
  `object_id` longtext,
  `object_repr` varchar(200) NOT NULL,
  `action_flag` smallint unsigned NOT NULL,
  `change_message` longtext NOT NULL,
  `content_type_id` int DEFAULT NULL,
  `user_id` int NOT NULL,
  PRIMARY KEY (`id`),
  KEY `django_admin_log_content_type_id_c4bce8eb_fk_django_co` (`content_type_id`),
  KEY `django_admin_log_user_id_c564eba6_fk_auth_user_id` (`user_id`),
  CONSTRAINT `django_admin_log_content_type_id_c4bce8eb_fk_django_co` FOREIGN KEY (`content_type_id`) REFERENCES `django_content_type` (`id`),
  CONSTRAINT `django_admin_log_user_id_c564eba6_fk_auth_user_id` FOREIGN KEY (`user_id`) REFERENCES `auth_user` (`id`),
  CONSTRAINT `django_admin_log_chk_1` CHECK ((`action_flag` >= 0))
) ENGINE=InnoDB DEFAULT CHARSET=utf8mb4 COLLATE=utf8mb4_0900_ai_ci;
/*!40101 SET character_set_client = @saved_cs_client */;

--
-- Dumping data for table `django_admin_log`
--

LOCK TABLES `django_admin_log` WRITE;
/*!40000 ALTER TABLE `django_admin_log` DISABLE KEYS */;
/*!40000 ALTER TABLE `django_admin_log` ENABLE KEYS */;
UNLOCK TABLES;

--
-- Table structure for table `django_content_type`
--

DROP TABLE IF EXISTS `django_content_type`;
/*!40101 SET @saved_cs_client     = @@character_set_client */;
/*!50503 SET character_set_client = utf8mb4 */;
CREATE TABLE `django_content_type` (
  `id` int NOT NULL AUTO_INCREMENT,
  `app_label` varchar(100) NOT NULL,
  `model` varchar(100) NOT NULL,
  PRIMARY KEY (`id`),
  UNIQUE KEY `django_content_type_app_label_model_76bd3d3b_uniq` (`app_label`,`model`)
) ENGINE=InnoDB AUTO_INCREMENT=16 DEFAULT CHARSET=utf8mb4 COLLATE=utf8mb4_0900_ai_ci;
/*!40101 SET character_set_client = @saved_cs_client */;

--
-- Dumping data for table `django_content_type`
--

LOCK TABLES `django_content_type` WRITE;
/*!40000 ALTER TABLE `django_content_type` DISABLE KEYS */;
INSERT INTO `django_content_type` VALUES (1,'admin','logentry'),(3,'auth','group'),(2,'auth','permission'),(4,'auth','user'),(5,'contenttypes','contenttype'),(7,'myapp','company'),(8,'myapp','cpu'),(9,'myapp','gpu'),(14,'myapp','laptopprice'),(15,'myapp','laptoppriceorders'),(10,'myapp','laptoppricetest'),(11,'myapp','opsys'),(12,'myapp','orders'),(13,'myapp','typename'),(6,'sessions','session');
/*!40000 ALTER TABLE `django_content_type` ENABLE KEYS */;
UNLOCK TABLES;

--
-- Table structure for table `django_migrations`
--

DROP TABLE IF EXISTS `django_migrations`;
/*!40101 SET @saved_cs_client     = @@character_set_client */;
/*!50503 SET character_set_client = utf8mb4 */;
CREATE TABLE `django_migrations` (
  `id` bigint NOT NULL AUTO_INCREMENT,
  `app` varchar(255) NOT NULL,
  `name` varchar(255) NOT NULL,
  `applied` datetime(6) NOT NULL,
  PRIMARY KEY (`id`)
) ENGINE=InnoDB AUTO_INCREMENT=20 DEFAULT CHARSET=utf8mb4 COLLATE=utf8mb4_0900_ai_ci;
/*!40101 SET character_set_client = @saved_cs_client */;

--
-- Dumping data for table `django_migrations`
--

LOCK TABLES `django_migrations` WRITE;
/*!40000 ALTER TABLE `django_migrations` DISABLE KEYS */;
INSERT INTO `django_migrations` VALUES (1,'contenttypes','0001_initial','2025-01-24 10:34:44.997673'),(2,'auth','0001_initial','2025-01-24 10:34:45.877832'),(3,'admin','0001_initial','2025-01-24 10:34:46.089705'),(4,'admin','0002_logentry_remove_auto_add','2025-01-24 10:34:46.098680'),(5,'admin','0003_logentry_add_action_flag_choices','2025-01-24 10:34:46.108849'),(6,'contenttypes','0002_remove_content_type_name','2025-01-24 10:34:46.270750'),(7,'auth','0002_alter_permission_name_max_length','2025-01-24 10:34:46.387897'),(8,'auth','0003_alter_user_email_max_length','2025-01-24 10:34:46.413829'),(9,'auth','0004_alter_user_username_opts','2025-01-24 10:34:46.423907'),(10,'auth','0005_alter_user_last_login_null','2025-01-24 10:34:46.563143'),(11,'auth','0006_require_contenttypes_0002','2025-01-24 10:34:46.566291'),(12,'auth','0007_alter_validators_add_error_messages','2025-01-24 10:34:46.575293'),(13,'auth','0008_alter_user_username_max_length','2025-01-24 10:34:46.663902'),(14,'auth','0009_alter_user_last_name_max_length','2025-01-24 10:34:46.749251'),(15,'auth','0010_alter_group_name_max_length','2025-01-24 10:34:46.776154'),(16,'auth','0011_update_proxy_permissions','2025-01-24 10:34:46.785129'),(17,'auth','0012_alter_user_first_name_max_length','2025-01-24 10:34:46.873292'),(18,'myapp','0001_initial','2025-01-24 10:34:47.610802'),(19,'sessions','0001_initial','2025-01-24 10:34:47.657828');
/*!40000 ALTER TABLE `django_migrations` ENABLE KEYS */;
UNLOCK TABLES;

--
-- Table structure for table `django_session`
--

DROP TABLE IF EXISTS `django_session`;
/*!40101 SET @saved_cs_client     = @@character_set_client */;
/*!50503 SET character_set_client = utf8mb4 */;
CREATE TABLE `django_session` (
  `session_key` varchar(40) NOT NULL,
  `session_data` longtext NOT NULL,
  `expire_date` datetime(6) NOT NULL,
  PRIMARY KEY (`session_key`),
  KEY `django_session_expire_date_a5c62663` (`expire_date`)
) ENGINE=InnoDB DEFAULT CHARSET=utf8mb4 COLLATE=utf8mb4_0900_ai_ci;
/*!40101 SET character_set_client = @saved_cs_client */;

--
-- Dumping data for table `django_session`
--

LOCK TABLES `django_session` WRITE;
/*!40000 ALTER TABLE `django_session` DISABLE KEYS */;
/*!40000 ALTER TABLE `django_session` ENABLE KEYS */;
UNLOCK TABLES;

--
-- Table structure for table `myapp_company`
--

DROP TABLE IF EXISTS `myapp_company`;
/*!40101 SET @saved_cs_client     = @@character_set_client */;
/*!50503 SET character_set_client = utf8mb4 */;
CREATE TABLE `myapp_company` (
  `id` bigint NOT NULL AUTO_INCREMENT,
  `title` varchar(65) DEFAULT NULL,
  PRIMARY KEY (`id`)
) ENGINE=InnoDB AUTO_INCREMENT=20 DEFAULT CHARSET=utf8mb4 COLLATE=utf8mb4_0900_ai_ci;
/*!40101 SET character_set_client = @saved_cs_client */;

--
-- Dumping data for table `myapp_company`
--

LOCK TABLES `myapp_company` WRITE;
/*!40000 ALTER TABLE `myapp_company` DISABLE KEYS */;
INSERT INTO `myapp_company` VALUES (1,'Apple'),(2,'HP'),(3,'Acer'),(4,'Asus'),(5,'Dell'),(6,'Lenovo'),(7,'Chuwi'),(8,'MSI'),(9,'Microsoft'),(10,'Toshiba'),(11,'Huawei'),(12,'Xiaomi'),(13,'Vero'),(14,'Razer'),(15,'Mediacom'),(16,'Samsung'),(17,'Google'),(18,'Fujitsu'),(19,'LG');
/*!40000 ALTER TABLE `myapp_company` ENABLE KEYS */;
UNLOCK TABLES;

--
-- Table structure for table `myapp_cpu`
--

DROP TABLE IF EXISTS `myapp_cpu`;
/*!40101 SET @saved_cs_client     = @@character_set_client */;
/*!50503 SET character_set_client = utf8mb4 */;
CREATE TABLE `myapp_cpu` (
  `id` bigint NOT NULL AUTO_INCREMENT,
  `title` varchar(65) DEFAULT NULL,
  PRIMARY KEY (`id`)
) ENGINE=InnoDB AUTO_INCREMENT=100 DEFAULT CHARSET=utf8mb4 COLLATE=utf8mb4_0900_ai_ci;
/*!40101 SET character_set_client = @saved_cs_client */;

--
-- Dumping data for table `myapp_cpu`
--

LOCK TABLES `myapp_cpu` WRITE;
/*!40000 ALTER TABLE `myapp_cpu` DISABLE KEYS */;
INSERT INTO `myapp_cpu` VALUES (1,'Intel Core i5 2.3GHz'),(2,'Intel Core i5 1.8GHz'),(3,'Intel Core i5 7200U 2.5GHz'),(4,'Intel Core i7 2.7GHz'),(5,'Intel Core i5 3.1GHz'),(6,'AMD A9-Series 9420 3GHz'),(7,'Intel Core i7 2.2GHz'),(8,'Intel Core i7 8550U 1.8GHz'),(9,'Intel Core i5 8250U 1.6GHz'),(10,'Intel Core i3 6006U 2GHz'),(11,'Intel Core i7 2.8GHz'),(12,'Intel Core M m3 1.2GHz'),(13,'Intel Core i7 7500U 2.7GHz'),(14,'Intel Core i7 2.9GHz'),(15,'Intel Core i3 7100U 2.4GHz'),(16,'Intel Atom x5-Z8350 1.44GHz'),(17,'Intel Core i5 7300HQ 2.5GHz'),(18,'AMD E-Series E2-9000e 1.5GHz'),(19,'Intel Core i5 1.6GHz'),(20,'Intel Core i7 8650U 1.9GHz'),(21,'Intel Atom x5-Z8300 1.44GHz'),(22,'AMD E-Series E2-6110 1.5GHz'),(23,'AMD A6-Series 9220 2.5GHz'),(24,'Intel Celeron Dual Core N3350 1.1GHz'),(25,'Intel Core i3 7130U 2.7GHz'),(26,'Intel Core i7 7700HQ 2.8GHz'),(27,'Intel Core i5 2.0GHz'),(28,'AMD Ryzen 1700 3GHz'),(29,'Intel Pentium Quad Core N4200 1.1GHz'),(30,'Intel Atom x5-Z8550 1.44GHz'),(31,'Intel Celeron Dual Core N3060 1.6GHz'),(32,'Intel Core i5 1.3GHz'),(33,'AMD FX 9830P 3GHz'),(34,'Intel Core i7 7560U 2.4GHz'),(35,'AMD E-Series 6110 1.5GHz'),(36,'Intel Core i5 6200U 2.3GHz'),(37,'Intel Core M 6Y75 1.2GHz'),(38,'Intel Core i5 7500U 2.7GHz'),(39,'Intel Core i3 6006U 2.2GHz'),(40,'AMD A6-Series 9220 2.9GHz'),(41,'Intel Core i7 6920HQ 2.9GHz'),(42,'Intel Core i5 7Y54 1.2GHz'),(43,'Intel Core i7 7820HK 2.9GHz'),(44,'Intel Xeon E3-1505M V6 3GHz'),(45,'Intel Core i7 6500U 2.5GHz'),(46,'AMD E-Series 9000e 1.5GHz'),(47,'AMD A10-Series A10-9620P 2.5GHz'),(48,'AMD A6-Series A6-9220 2.5GHz'),(49,'Intel Core i5 2.9GHz'),(50,'Intel Core i7 6600U 2.6GHz'),(51,'Intel Core i3 6006U 2.0GHz'),(52,'Intel Celeron Dual Core 3205U 1.5GHz'),(53,'Intel Core i7 7820HQ 2.9GHz'),(54,'AMD A10-Series 9600P 2.4GHz'),(55,'Intel Core i7 7600U 2.8GHz'),(56,'AMD A8-Series 7410 2.2GHz'),(57,'Intel Celeron Dual Core 3855U 1.6GHz'),(58,'Intel Pentium Quad Core N3710 1.6GHz'),(59,'AMD A12-Series 9720P 2.7GHz'),(60,'Intel Core i5 7300U 2.6GHz'),(61,'AMD A12-Series 9720P 3.6GHz'),(62,'Intel Celeron Quad Core N3450 1.1GHz'),(63,'Intel Celeron Dual Core N3060 1.60GHz'),(64,'Intel Core i5 6440HQ 2.6GHz'),(65,'Intel Core i7 6820HQ 2.7GHz'),(66,'AMD Ryzen 1600 3.2GHz'),(67,'Intel Core i7 7Y75 1.3GHz'),(68,'Intel Core i5 7440HQ 2.8GHz'),(69,'Intel Core i7 7660U 2.5GHz'),(70,'Intel Core i7 7700HQ 2.7GHz'),(71,'Intel Core M m3-7Y30 2.2GHz'),(72,'Intel Core i5 7Y57 1.2GHz'),(73,'Intel Core i7 6700HQ 2.6GHz'),(74,'Intel Core i3 6100U 2.3GHz'),(75,'AMD A10-Series 9620P 2.5GHz'),(76,'AMD E-Series 7110 1.8GHz'),(77,'Intel Celeron Dual Core N3350 2.0GHz'),(78,'AMD A9-Series A9-9420 3GHz'),(79,'Intel Core i7 6820HK 2.7GHz'),(80,'Intel Core M 7Y30 1.0GHz'),(81,'Intel Xeon E3-1535M v6 3.1GHz'),(82,'Intel Celeron Quad Core N3160 1.6GHz'),(83,'Intel Core i5 6300U 2.4GHz'),(84,'Intel Core i3 6100U 2.1GHz'),(85,'AMD E-Series E2-9000 2.2GHz'),(86,'Intel Celeron Dual Core N3050 1.6GHz'),(87,'Intel Core M M3-6Y30 0.9GHz'),(88,'AMD A9-Series 9420 2.9GHz'),(89,'Intel Core i5 6300HQ 2.3GHz'),(90,'AMD A6-Series 7310 2GHz'),(91,'Intel Atom Z8350 1.92GHz'),(92,'Intel Xeon E3-1535M v5 2.9GHz'),(93,'Intel Core i5 6260U 1.8GHz'),(94,'Intel Pentium Dual Core N4200 1.1GHz'),(95,'Intel Celeron Quad Core N3710 1.6GHz'),(96,'Intel Core M 1.2GHz'),(97,'AMD A12-Series 9700P 2.5GHz'),(98,'Intel Core i7 7500U 2.5GHz'),(99,'Intel Pentium Dual Core 4405U 2.1GHz');
/*!40000 ALTER TABLE `myapp_cpu` ENABLE KEYS */;
UNLOCK TABLES;

--
-- Table structure for table `myapp_gpu`
--

DROP TABLE IF EXISTS `myapp_gpu`;
/*!40101 SET @saved_cs_client     = @@character_set_client */;
/*!50503 SET character_set_client = utf8mb4 */;
CREATE TABLE `myapp_gpu` (
  `id` bigint NOT NULL AUTO_INCREMENT,
  `title` varchar(45) DEFAULT NULL,
  PRIMARY KEY (`id`)
) ENGINE=InnoDB AUTO_INCREMENT=95 DEFAULT CHARSET=utf8mb4 COLLATE=utf8mb4_0900_ai_ci;
/*!40101 SET character_set_client = @saved_cs_client */;

--
-- Dumping data for table `myapp_gpu`
--

LOCK TABLES `myapp_gpu` WRITE;
/*!40000 ALTER TABLE `myapp_gpu` DISABLE KEYS */;
INSERT INTO `myapp_gpu` VALUES (1,'Intel Iris Plus Graphics 640'),(2,'Intel HD Graphics 6000'),(3,'Intel HD Graphics 620'),(4,'AMD Radeon Pro 455'),(5,'Intel Iris Plus Graphics 650'),(6,'AMD Radeon R5'),(7,'Intel Iris Pro Graphics'),(8,'Nvidia GeForce MX150'),(9,'Intel UHD Graphics 620'),(10,'Intel HD Graphics 520'),(11,'AMD Radeon Pro 555'),(12,'AMD Radeon R5 M430'),(13,'Intel HD Graphics 615'),(14,'AMD Radeon Pro 560'),(15,'Nvidia GeForce 940MX'),(16,'Intel HD Graphics 400'),(17,'Nvidia GeForce GTX 1050'),(18,'AMD Radeon R2'),(19,'AMD Radeon 530'),(20,'Nvidia GeForce 930MX'),(21,'Intel HD Graphics'),(22,'Intel HD Graphics 500'),(23,'Nvidia GeForce 930MX '),(24,'Nvidia GeForce GTX 1060'),(25,'Nvidia GeForce 150MX'),(26,'Intel Iris Graphics 540'),(27,'AMD Radeon RX 580'),(28,'Nvidia GeForce 920MX'),(29,'AMD Radeon R4 Graphics'),(30,'AMD Radeon 520'),(31,'Nvidia GeForce GTX 1070'),(32,'Nvidia GeForce GTX 1050 Ti'),(33,'Nvidia GeForce MX130'),(34,'AMD R4 Graphics'),(35,'Nvidia GeForce GTX 940MX'),(36,'AMD Radeon RX 560'),(37,'Nvidia GeForce 920M'),(38,'AMD Radeon R7 M445'),(39,'AMD Radeon RX 550'),(40,'Nvidia GeForce GTX 1050M'),(41,'Intel HD Graphics 515'),(42,'AMD Radeon R5 M420'),(43,'Intel HD Graphics 505'),(44,'Nvidia GTX 980 SLI'),(45,'AMD R17M-M1-70'),(46,'Nvidia GeForce GTX 1080'),(47,'Nvidia Quadro M1200'),(48,'Nvidia GeForce 920MX '),(49,'Nvidia GeForce GTX 950M'),(50,'AMD FirePro W4190M '),(51,'Nvidia GeForce GTX 980M'),(52,'Intel Iris Graphics 550'),(53,'Nvidia GeForce 930M'),(54,'Intel HD Graphics 630'),(55,'AMD Radeon R5 430'),(56,'Nvidia GeForce GTX 940M'),(57,'Intel HD Graphics 510'),(58,'Intel HD Graphics 405'),(59,'AMD Radeon RX 540'),(60,'Nvidia GeForce GT 940MX'),(61,'AMD FirePro W5130M'),(62,'Nvidia Quadro M2200M'),(63,'AMD Radeon R4'),(64,'Nvidia Quadro M620'),(65,'AMD Radeon R7 M460'),(66,'Intel HD Graphics 530'),(67,'Nvidia GeForce GTX 965M'),(68,'Nvidia GeForce GTX1080'),(69,'Nvidia GeForce GTX1050 Ti'),(70,'Nvidia GeForce GTX 960M'),(71,'AMD Radeon R2 Graphics'),(72,'Nvidia Quadro M620M'),(73,'Nvidia GeForce GTX 970M'),(74,'Nvidia GeForce GTX 960<U+039C>'),(75,'Intel Graphics 620'),(76,'Nvidia GeForce GTX 960'),(77,'AMD Radeon R5 520'),(78,'AMD Radeon R7 M440'),(79,'AMD Radeon R7'),(80,'Nvidia Quadro M520M'),(81,'Nvidia Quadro M2200'),(82,'Nvidia Quadro M2000M'),(83,'Intel HD Graphics 540'),(84,'Nvidia Quadro M1000M'),(85,'AMD Radeon 540'),(86,'Nvidia GeForce GTX 1070M'),(87,'Nvidia GeForce GTX1060'),(88,'Intel HD Graphics 5300'),(89,'AMD Radeon R5 M420X'),(90,'AMD Radeon R7 Graphics'),(91,'Nvidia GeForce 920'),(92,'Nvidia GeForce 940M'),(93,'Nvidia GeForce GTX 930MX'),(94,'AMD Radeon R7 M465');
/*!40000 ALTER TABLE `myapp_gpu` ENABLE KEYS */;
UNLOCK TABLES;

--
-- Table structure for table `myapp_laptopprice`
--

DROP TABLE IF EXISTS `myapp_laptopprice`;
/*!40101 SET @saved_cs_client     = @@character_set_client */;
/*!50503 SET character_set_client = utf8mb4 */;
CREATE TABLE `myapp_laptopprice` (
  `id` bigint NOT NULL AUTO_INCREMENT,
  `Product` varchar(65) DEFAULT NULL,
  `Inches` double DEFAULT NULL,
  `ScreenResolution` varchar(65) DEFAULT NULL,
  `Ram` varchar(45) DEFAULT NULL,
  `Memory` varchar(45) DEFAULT NULL,
  `Weight` varchar(45) DEFAULT NULL,
  `Price_euros` double DEFAULT NULL,
  `Company_id` bigint NOT NULL,
  `Cpu_id` bigint NOT NULL,
  `Gpu_id` bigint NOT NULL,
  `OpSys_id` bigint NOT NULL,
  `TypeName_id` bigint NOT NULL,
  PRIMARY KEY (`id`),
  KEY `myapp_laptopprice_Company_id_1ec9b769_fk_myapp_company_id` (`Company_id`),
  KEY `myapp_laptopprice_Cpu_id_bb65b6cb_fk_myapp_cpu_id` (`Cpu_id`),
  KEY `myapp_laptopprice_Gpu_id_ec685a19_fk_myapp_gpu_id` (`Gpu_id`),
  KEY `myapp_laptopprice_OpSys_id_280df1c0_fk_myapp_opsys_id` (`OpSys_id`),
  KEY `myapp_laptopprice_TypeName_id_81157cc7_fk_myapp_typename_id` (`TypeName_id`),
  CONSTRAINT `myapp_laptopprice_Company_id_1ec9b769_fk_myapp_company_id` FOREIGN KEY (`Company_id`) REFERENCES `myapp_company` (`id`),
  CONSTRAINT `myapp_laptopprice_Cpu_id_bb65b6cb_fk_myapp_cpu_id` FOREIGN KEY (`Cpu_id`) REFERENCES `myapp_cpu` (`id`),
  CONSTRAINT `myapp_laptopprice_Gpu_id_ec685a19_fk_myapp_gpu_id` FOREIGN KEY (`Gpu_id`) REFERENCES `myapp_gpu` (`id`),
  CONSTRAINT `myapp_laptopprice_OpSys_id_280df1c0_fk_myapp_opsys_id` FOREIGN KEY (`OpSys_id`) REFERENCES `myapp_opsys` (`id`),
  CONSTRAINT `myapp_laptopprice_TypeName_id_81157cc7_fk_myapp_typename_id` FOREIGN KEY (`TypeName_id`) REFERENCES `myapp_typename` (`id`)
) ENGINE=InnoDB AUTO_INCREMENT=866 DEFAULT CHARSET=utf8mb4 COLLATE=utf8mb4_0900_ai_ci;
/*!40101 SET character_set_client = @saved_cs_client */;

--
-- Dumping data for table `myapp_laptopprice`
--

LOCK TABLES `myapp_laptopprice` WRITE;
/*!40000 ALTER TABLE `myapp_laptopprice` DISABLE KEYS */;
INSERT INTO `myapp_laptopprice` VALUES (1,'MacBook Pro',13.3,'IPS Panel Retina Display 2560x1600','8GB','128GB SSD','1.37kg',1339.69,1,1,1,1,1),(2,'Macbook Air',13.3,'1440x900','8GB','128GB Flash Storage','1.34kg',898.94,1,2,2,1,1),(3,'250 G6',15.6,'Full HD 1920x1080','8GB','256GB SSD','1.86kg',575,2,3,3,2,2),(4,'MacBook Pro',15.4,'IPS Panel Retina Display 2880x1800','16GB','512GB SSD','1.83kg',2537.45,1,4,4,1,1),(5,'MacBook Pro',13.3,'IPS Panel Retina Display 2560x1600','8GB','256GB SSD','1.37kg',1803.6,1,5,5,1,1),(6,'Aspire 3',15.6,'1366x768','4GB','500GB HDD','2.1kg',400,3,6,6,3,2),(7,'MacBook Pro',15.4,'IPS Panel Retina Display 2880x1800','16GB','256GB Flash Storage','2.04kg',2139.97,1,7,7,4,1),(8,'Macbook Air',13.3,'1440x900','8GB','256GB Flash Storage','1.34kg',1158.7,1,2,2,1,1),(9,'ZenBook UX430UN',14,'Full HD 1920x1080','16GB','512GB SSD','1.3kg',1495,4,8,8,3,1),(10,'Swift 3',14,'IPS Panel Full HD 1920x1080','8GB','256GB SSD','1.6kg',770,3,9,9,3,1),(11,'250 G6',15.6,'1366x768','4GB','500GB HDD','1.86kg',393.9,2,3,3,2,2),(12,'250 G6',15.6,'Full HD 1920x1080','4GB','500GB HDD','1.86kg',344.99,2,10,10,2,2),(13,'MacBook Pro',15.4,'IPS Panel Retina Display 2880x1800','16GB','256GB SSD','1.83kg',2439.97,1,11,11,1,1),(14,'Inspiron 3567',15.6,'Full HD 1920x1080','4GB','256GB SSD','2.2kg',498.9,5,10,12,3,2),(15,'MacBook 12\"\"',12,'IPS Panel Retina Display 2304x1440','8GB','256GB SSD','0.92kg',1262.4,1,12,13,1,1),(16,'MacBook Pro',13.3,'IPS Panel Retina Display 2560x1600','8GB','256GB SSD','1.37kg',1518.55,1,1,1,1,1),(17,'Inspiron 3567',15.6,'Full HD 1920x1080','8GB','256GB SSD','2.2kg',745,5,13,12,3,2),(18,'MacBook Pro',15.4,'IPS Panel Retina Display 2880x1800','16GB','512GB SSD','1.83kg',2858,1,14,14,1,1),(19,'IdeaPad 320-15IKB',15.6,'Full HD 1920x1080','8GB','1TB HDD','2.2kg',499,6,15,15,2,2),(20,'XPS 13',13.3,'IPS Panel Full HD / Touchscreen 1920x1080','8GB','128GB SSD','1.22kg',979,5,9,9,3,1),(21,'Vivobook E200HA',11.6,'1366x768','2GB','32GB Flash Storage','0.98kg',191.9,4,16,16,3,3),(22,'Legion Y520-15IKBN',15.6,'IPS Panel Full HD 1920x1080','8GB','128GB SSD +  1TB HDD','2.5kg',999,6,17,17,3,4),(23,'255 G6',15.6,'1366x768','4GB','500GB HDD','1.86kg',258,2,18,18,2,2),(24,'Inspiron 5379',13.3,'Full HD / Touchscreen 1920x1080','8GB','256GB SSD','1.62kg',819,5,9,9,3,5),(25,'15-BS101nv (i7-8550U/8GB/256GB/FHD/W10)',15.6,'Full HD 1920x1080','8GB','256GB SSD','1.91kg',659,2,8,3,3,1),(26,'Inspiron 3567',15.6,'1366x768','4GB','1TB HDD','2.3kg',418.64,5,10,10,3,2),(27,'MacBook Air',13.3,'1440x900','8GB','128GB Flash Storage','1.35kg',1099,1,19,2,4,1),(28,'Inspiron 5570',15.6,'Full HD 1920x1080','8GB','256GB SSD','2.2kg',800,5,9,19,3,2),(29,'Latitude 5590',15.6,'Full HD 1920x1080','8GB','256GB SSD +  256GB SSD','1.88kg',1298,5,20,9,3,1),(30,'ProBook 470',17.3,'Full HD 1920x1080','8GB','1TB HDD','2.5kg',896,2,9,20,3,2),(31,'LapBook 15.6\"\"',15.6,'Full HD 1920x1080','4GB','64GB Flash Storage','1.89kg',244.99,7,21,21,3,2),(32,'E402WA-GA010T (E2-6110/2GB/32GB/W10)',14,'1366x768','2GB','32GB Flash Storage','1.65kg',199,4,22,18,3,2),(33,'17-ak001nv (A6-9220/4GB/500GB/Radeon',17.3,'Full HD 1920x1080','4GB','500GB HDD','2.71kg',439,2,23,19,3,2),(34,'XPS 13',13.3,'Touchscreen / Quad HD+ 3200x1800','16GB','512GB SSD','1.2kg',1869,5,8,9,3,1),(35,'MacBook Air',13.3,'1440x900','8GB','256GB Flash Storage','1.35kg',998,1,19,2,4,1),(36,'IdeaPad 120S-14IAP',14,'1366x768','4GB','64GB Flash Storage','1.44kg',249,6,24,22,3,2),(37,'Aspire 3',15.6,'1366x768','4GB','1TB HDD','2.1kg',367,3,25,3,5,2),(38,'Inspiron 5770',17.3,'IPS Panel Full HD 1920x1080','8GB','128GB SSD +  1TB HDD','2.8kg',979,5,9,19,3,2),(39,'250 G6',15.6,'1366x768','4GB','1TB HDD','1.86kg',488.69,2,3,3,3,2),(40,'ProBook 450',15.6,'Full HD 1920x1080','8GB','256GB SSD','2.1kg',879,2,9,23,3,2),(41,'X540UA-DM186 (i3-6006U/4GB/1TB/FHD/Linux)',15.6,'Full HD 1920x1080','4GB','1TB HDD','2kg',389,4,10,3,5,2),(42,'Inspiron 7577',15.6,'IPS Panel Full HD 1920x1080','16GB','256GB SSD +  1TB HDD','2.65kg',1499,5,26,24,3,4),(43,'X542UQ-GO005 (i5-7200U/8GB/1TB/GeForce',15.6,'1366x768','8GB','1TB HDD','2.3kg',522.99,4,3,15,5,2),(44,'Aspire A515-51G',15.6,'IPS Panel Full HD 1920x1080','4GB','256GB SSD','2.2kg',682,3,9,9,3,2),(45,'Inspiron 7773',17.3,'Full HD / Touchscreen 1920x1080','12GB','1TB HDD','2.77kg',999,5,9,25,3,5),(46,'MacBook Pro',13.3,'IPS Panel Retina Display 2560x1600','8GB','256GB SSD','1.37kg',1419,1,27,26,1,1),(47,'IdeaPad 320-15ISK',15.6,'1366x768','4GB','128GB SSD','2.2kg',369,6,10,10,2,2),(48,'Rog Strix',17.3,'Full HD 1920x1080','8GB','256GB SSD +  1TB HDD','3.2kg',1299,4,28,27,3,4),(49,'Inspiron 3567',15.6,'Full HD 1920x1080','4GB','256GB SSD','2.3kg',639,5,3,12,3,2),(50,'X751NV-TY001T (N4200/4GB/1TB/GeForce',17.3,'1366x768','4GB','1TB HDD','2.8kg',466,4,29,28,3,2),(51,'Yoga Book',10.1,'IPS Panel Touchscreen 1920x1200','4GB','64GB Flash Storage','0.69kg',319,6,30,16,6,5),(52,'Aspire A515-51G',15.6,'IPS Panel Full HD 1920x1080','8GB','256GB SSD','2.2kg',841,3,8,8,3,2),(53,'255 G6',15.6,'Full HD 1920x1080','4GB','256GB SSD','1.86kg',398.49,2,23,29,3,2),(54,'ProBook 430',13.3,'Full HD 1920x1080','8GB','512GB SSD','1.49kg',1103,2,8,9,3,2),(55,'Aspire 3',15.6,'1366x768','4GB','1TB HDD','2.4kg',384,3,15,3,3,2),(56,'Inspiron 3576',15.6,'Full HD 1920x1080','8GB','256GB SSD','2.13kg',767.8,5,8,30,3,2),(57,'15-bs002nv (i3-6006U/4GB/128GB/FHD/W10)',15.6,'Full HD 1920x1080','4GB','128GB SSD','1.91kg',439,2,10,10,3,2),(58,'VivoBook Max',15.6,'1366x768','4GB','256GB SSD','2kg',586.19,4,3,3,3,2),(59,'GS73VR 7RG',17.3,'Full HD 1920x1080','16GB','256GB SSD +  2TB HDD','2.43kg',2449,8,26,31,3,4),(60,'X541UA-DM1897 (i3-6006U/4GB/256GB/FHD/Linux)',15.6,'Full HD 1920x1080','4GB','256GB SSD','2kg',415,4,10,10,5,2),(61,'Inspiron 5770',17.3,'Full HD 1920x1080','16GB','256GB SSD +  2TB HDD','2.8kg',1299,5,8,19,3,2),(62,'Vostro 5471',14,'Full HD 1920x1080','8GB','256GB SSD','1.7kg',879,5,9,9,3,1),(63,'IdeaPad 520S-14IKB',14,'IPS Panel Full HD 1920x1080','8GB','256GB SSD','1.7kg',599,6,25,3,2,2),(64,'UX410UA-GV350T (i5-8250U/8GB/256GB/FHD/W10)',14,'Full HD 1920x1080','8GB','256GB SSD','1.4kg',941,4,9,9,3,2),(65,'250 G6',15.6,'Full HD 1920x1080','8GB','256GB SSD','1.86kg',690,2,3,3,3,2),(66,'ZenBook Pro',15.6,'Full HD 1920x1080','16GB','512GB SSD','1.8kg',1983,4,26,32,3,1),(67,'250 G6',15.6,'1366x768','4GB','500GB HDD','1.86kg',438.69,2,10,30,3,2),(68,'Stream 14-AX040wm',14,'1366x768','4GB','32GB SSD','1.44kg',229,2,31,16,3,2),(69,'V310-15ISK (i5-7200U/4GB/1TB/FHD/W10)',15.6,'Full HD 1920x1080','4GB','1TB HDD','1.9kg',549,6,3,3,3,2),(70,'FX753VE-GC093 (i7-7700HQ/12GB/1TB/GeForce',17.3,'Full HD 1920x1080','12GB','1TB HDD','3kg',949,4,26,32,5,4),(71,'Surface Laptop',13.5,'Touchscreen 2256x1504','4GB','128GB SSD','1.252kg',1089,9,3,3,7,1),(72,'Inspiron 5370',13.3,'IPS Panel Full HD 1920x1080','8GB','256GB SSD','1.4kg',955,5,8,19,3,1),(73,'Inspiron 5570',15.6,'Full HD 1920x1080','8GB','256GB SSD','2.2kg',870,5,8,19,3,2),(74,'GL72M 7RDX',17.3,'Full HD 1920x1080','8GB','128GB SSD +  1TB HDD','2.7kg',1095,8,17,17,3,4),(75,'Aspire E5-475',14,'1366x768','8GB','1TB HDD','2.1kg',389,3,10,10,3,2),(76,'FX503VD-E4022T (i7-7700HQ/8GB/1TB/GeForce',15.6,'Full HD 1920x1080','8GB','1TB HDD','2.2kg',949,4,26,17,3,4),(77,'IdeaPad 320-15IKBN',15.6,'Full HD 1920x1080','8GB','2TB HDD','2.2kg',519,6,3,3,2,2),(78,'Inspiron 5570',15.6,'Full HD 1920x1080','8GB','128GB SSD +  1TB HDD','2.02kg',855,5,8,9,3,2),(79,'Aspire A515-51G-32MX',15.6,'Full HD 1920x1080','4GB','1TB HDD','2.2kg',530,3,25,33,3,2),(80,'ProBook 470',17.3,'Full HD 1920x1080','8GB','128GB SSD +  1TB HDD','2.5kg',977,2,9,20,3,2),(81,'Latitude 5590',15.6,'IPS Panel Full HD 1920x1080','8GB','256GB SSD','1.88kg',1096.16,5,9,9,3,1),(82,'MacBook 12\"\"',12,'IPS Panel Retina Display 2304x1440','8GB','512GB SSD','0.92kg',1510,1,32,13,1,1),(83,'ProBook 440',14,'Full HD 1920x1080','8GB','256GB SSD','1.63kg',860,2,9,3,3,2),(84,'IdeaPad 320-15AST',15.6,'Full HD 1920x1080','4GB','128GB SSD','2.2kg',399,6,23,34,3,2),(85,'Aspire 3',15.6,'1366x768','4GB','1TB HDD','2.1kg',395,3,6,6,3,2),(86,'Inspiron 7577',15.6,'IPS Panel Full HD 1920x1080','16GB','128GB SSD +  1TB HDD','2.65kg',1349,5,26,32,3,4),(87,'Pavilion 15-CK000nv',15.6,'IPS Panel Full HD 1920x1080','8GB','256GB SSD','1.83kg',699,2,8,35,3,1),(88,'250 G6',15.6,'Full HD 1920x1080','8GB','256GB SSD','1.96kg',598.99,2,3,3,3,2),(89,'FX503VM-E4007T (i7-7700HQ/16GB/1TB',15.6,'IPS Panel Full HD 1920x1080','16GB','128GB SSD +  1TB HDD','2.2kg',1449,4,26,24,3,4),(90,'XPS 13',13.3,'IPS Panel Full HD 1920x1080','8GB','256GB SSD','1.21kg',1649,5,8,9,3,1),(91,'FX550IK-DM018T (FX-9830P/8GB/1TB/Radeon',15.6,'Full HD 1920x1080','8GB','1TB HDD','2.45kg',699,4,33,36,3,4),(92,'Aspire 5',15.6,'Full HD 1920x1080','8GB','1TB HDD','2.2kg',689,3,8,8,3,2),(93,'Probook 430',13.3,'Full HD 1920x1080','16GB','512GB SSD','1.49kg',1197,2,8,9,3,2),(94,'Inspiron 7577',15.6,'Full HD 1920x1080','8GB','256GB SSD','2.65kg',1195,5,17,24,3,4),(95,'Zenbook UX430UA',14,'Full HD 1920x1080','8GB','256GB SSD','1.25kg',1049,4,13,3,3,1),(96,'Spin 5',13.3,'IPS Panel Full HD / Touchscreen 1920x1080','8GB','256GB SSD','1.5kg',847,3,9,9,3,5),(97,'Inspiron 3567',15.6,'Full HD 1920x1080','8GB','1TB HDD','2.2kg',599.9,5,13,12,5,2),(98,'Inspiron 3567',15.6,'Full HD 1920x1080','4GB','256GB SSD','2.2kg',485,5,10,12,5,2),(99,'X541UV-DM1439T (i3-7100U/6GB/256GB/GeForce',15.6,'Full HD 1920x1080','6GB','256GB SSD','2kg',577,4,15,37,3,2),(100,'Omen 15-ce007nv',15.6,'IPS Panel Full HD 1920x1080','12GB','128GB SSD +  1TB HDD','2.62kg',1249,2,26,17,3,4),(101,'15-bs017nv (i7-7500U/8GB/256GB/Radeon',15.6,'Full HD 1920x1080','8GB','256GB SSD','1.91kg',719,2,13,19,3,2),(102,'15-bw000nv (E2-9000e/4GB/500GB/Radeon',15.6,'Full HD 1920x1080','4GB','500GB HDD','2.1kg',349,2,18,18,3,2),(103,'Inspiron 3576',15.6,'Full HD 1920x1080','8GB','1TB HDD','2.2kg',647,5,9,30,5,2),(104,'Envy 13-ad009n',13.3,'IPS Panel Full HD 1920x1080','8GB','256GB SSD','1.38kg',1119,2,13,8,3,1),(105,'Surface Laptop',13.5,'Touchscreen 2256x1504','8GB','256GB SSD','1.252kg',1340,9,3,3,7,1),(106,'Pavilion 14-BK001nv',14,'IPS Panel Full HD 1920x1080','6GB','256GB SSD','1.58kg',659,2,3,15,3,2),(107,'Ideapad 310-15ISK',15.6,'Full HD 1920x1080','4GB','1TB HDD','1.85kg',414.9,6,10,10,3,2),(108,'UX430UQ-GV209R (i7-7500U/8GB/256GB/GeForce',14,'IPS Panel Full HD 1920x1080','8GB','256GB SSD','1.3kg',1193,4,13,15,3,1),(109,'GP62M 7REX',15.6,'Full HD 1920x1080','16GB','256GB SSD +  1TB HDD','2.2kg',1299,8,26,32,3,4),(110,'Thinkpad T470',14,'IPS Panel Full HD 1920x1080','8GB','256GB SSD','1.58kg',1480,6,13,3,3,2),(111,'VivoBook S15',15.6,'Full HD 1920x1080','16GB','256GB SSD +  1TB HDD','1.5kg',1262,4,8,8,3,1),(112,'XPS 13',13.3,'Quad HD+ / Touchscreen 3200x1800','8GB','256GB SSD','1.23kg',1379,5,34,1,3,1),(113,'ThinkPad Yoga',13.3,'IPS Panel Full HD / Touchscreen 1920x1080','8GB','256GB SSD','1.37kg',1399,6,3,3,3,5),(114,'Probook 440',14,'IPS Panel 1366x768','4GB','500GB HDD','1.63kg',722,2,9,9,3,2),(115,'XPS 13',13.3,'IPS Panel Full HD 1920x1080','8GB','256GB SSD','1.21kg',1629,5,9,9,3,1),(116,'Spectre x360',13.3,'IPS Panel Full HD / Touchscreen 1920x1080','8GB','256GB SSD','1.26kg',1398.99,2,9,9,3,5),(117,'Probook 440',14,'Full HD 1920x1080','8GB','512GB SSD','1.63kg',1084,2,8,9,3,2),(118,'Inspiron 7570',15.6,'IPS Panel Full HD 1920x1080','8GB','256GB SSD +  1TB HDD','2.16kg',1130.33,5,8,15,3,2),(119,'X705UV-BX074T (i3-6006U/4GB/1TB/GeForce',17.3,'Full HD 1920x1080','4GB','1TB HDD','2kg',564,4,10,28,3,2),(120,'VivoBook S15',15.6,'Full HD 1920x1080','8GB','256GB SSD','1.7kg',1118,4,8,15,3,2),(121,'Spin 3',15.6,'IPS Panel Full HD / Touchscreen 1920x1080','6GB','1TB HDD','2.1kg',479,3,15,3,3,2),(122,'GS63VR 7RG',15.6,'Full HD 1920x1080','16GB','256GB SSD +  2TB HDD','1.8kg',2241.5,8,26,31,3,4),(123,'IdeaPad 320-15IKBN',15.6,'Full HD 1920x1080','8GB','256GB SSD','2.2kg',629,6,3,15,2,2),(124,'Probook 470',17.3,'Full HD 1920x1080','16GB','512GB SSD','2.5kg',1271,2,8,23,3,2),(125,'Aspire 3',15.6,'1366x768','4GB','256GB SSD','2.1kg',451,3,6,6,3,2),(126,'250 G6',15.6,'1366x768','4GB','500GB HDD','1.86kg',259,2,31,16,2,2),(127,'Probook 440',14,'Full HD 1920x1080','8GB','1TB HDD','1.63kg',812,2,9,9,3,2),(128,'E402WA-GA007T (E2-6110/4GB/64GB/W10',14,'1366x768','4GB','64GB SSD','1.65kg',277.99,4,35,18,7,2),(129,'Inspiron 5770',17.3,'Full HD 1920x1080','16GB','256GB SSD +  2TB HDD','2.8kg',1396,5,8,19,3,2),(130,'ProBook 470',17.3,'Full HD 1920x1080','8GB','256GB SSD','2.5kg',928,2,9,9,3,2),(131,'Inspiron 5567',15.6,'1366x768','8GB','1TB HDD','2.36kg',638.99,5,3,38,3,2),(132,'Inspiron 3567',15.6,'Full HD 1920x1080','4GB','1TB HDD','2.2kg',449,5,10,12,3,2),(133,'Swift 3',14,'IPS Panel Full HD 1920x1080','8GB','256GB SSD','1.6kg',884,3,8,9,3,1),(134,'Aspire A515-51G-37JS',15.6,'Full HD 1920x1080','4GB','256GB SSD','2.2kg',572,3,25,33,3,2),(135,'15-BS078nr (i7-7500U/8GB/1TB/W10)',15.6,'1366x768','8GB','1TB HDD','2.05kg',598,2,13,3,3,2),(136,'Probook 440',14,'Full HD 1920x1080','8GB','256GB SSD','1.63kg',988,2,8,9,3,2),(137,'V110-15IAP (N3350/4GB/1TB/No',15.6,'1366x768','4GB','1TB HDD','1.9kg',252.36,6,24,22,2,2),(138,'FX753VD-GC086T (i5-7300HQ/8GB/1TB',17.3,'Full HD 1920x1080','8GB','128GB SSD +  1TB HDD','3kg',938,4,17,17,3,4),(139,'IdeaPad 320-15IKBN',15.6,'Full HD 1920x1080','4GB','1TB HDD','2.2kg',499,6,3,28,2,2),(140,'Envy 13-AD007nv',13.3,'IPS Panel Full HD 1920x1080','4GB','256GB SSD','1.32kg',699,2,3,3,3,2),(141,'Aspire 5',17.3,'IPS Panel Full HD 1920x1080','4GB','1TB HDD','3kg',655,3,25,33,3,2),(142,'ThinkPad E480',14,'IPS Panel Full HD 1920x1080','8GB','256GB SSD','1.75kg',1116.02,6,9,39,3,2),(143,'Legion Y520-15IKBN',15.6,'IPS Panel Full HD 1920x1080','8GB','256GB SSD','2.4kg',869,6,26,40,2,4),(144,'Satellite Pro',15.6,'1366x768','4GB','500GB HDD','2.1kg',602,10,36,10,3,2),(145,'255 G6',15.6,'1366x768','4GB','256GB SSD','1.86kg',369,2,23,29,3,2),(146,'ZenBook UX430UA',14,'Full HD 1920x1080','8GB','256GB SSD','1.25kg',1099,4,8,9,3,1),(147,'EliteBook Folio',12.5,'IPS Panel 4K Ultra HD / Touchscreen 3840x2160','8GB','512GB SSD','0.97kg',2014,2,37,41,3,1),(148,'X541NA (N3350/4GB/1TB/FHD/W10)',15.6,'Full HD 1920x1080','4GB','1TB HDD','2kg',344,4,24,22,3,2),(149,'GE72MVR 7RG',17.3,'Full HD 1920x1080','16GB','256GB SSD +  1TB HDD','2.9kg',2029,8,26,31,3,4),(150,'Aspire A315-51',15.6,'1366x768','4GB','1TB HDD','2.1kg',447,3,10,10,3,2),(151,'Inspiron 5577',15.6,'Full HD 1920x1080','16GB','512GB SSD','2.56kg',1249.26,5,26,17,3,4),(152,'Inspiron 7567',15.6,'Full HD 1920x1080','8GB','1.0TB Hybrid','2.62kg',899,5,26,17,3,4),(153,'V110-15IKB (i5-7200U/4GB/128GB/W10)',15.6,'1366x768','4GB','128GB SSD','1.9kg',498,6,3,3,3,2),(154,'GE73VR 7RE',17.3,'Full HD 1920x1080','16GB','256GB SSD +  1TB HDD','2.8kg',1890,8,26,24,3,4),(155,'EliteBook 840',14,'Full HD 1920x1080','4GB','256GB SSD','1.48kg',1082,2,38,3,3,1),(156,'15-BS103nv (i5-8250U/6GB/256GB/Radeon',15.6,'Full HD 1920x1080','6GB','256GB SSD','1.91kg',619,2,9,30,3,2),(157,'Yoga 520-14IKB',14,'IPS Panel Full HD / Touchscreen 1920x1080','4GB','256GB SSD','1.74kg',629,6,15,3,3,5),(158,'ZenBook Flip',13.3,'Full HD / Touchscreen 1920x1080','8GB','256GB SSD','1.1kg',1315,4,9,3,3,5),(159,'Inspiron 5579',15.6,'Full HD / Touchscreen 1920x1080','8GB','256GB SSD','1.56kg',1049,5,8,9,3,5),(160,'Satellite Pro',15.6,'1366x768','4GB','500GB HDD','2.1kg',447,10,39,10,3,2),(161,'X555BP-XX180T (A9-9420/4GB/1TB/Radeon',15.6,'1366x768','4GB','1TB HDD','2.03kg',403,4,6,42,3,2),(162,'Aspire A517-51G',17.3,'IPS Panel Full HD 1920x1080','4GB','256GB SSD','3kg',805,3,9,8,3,2),(163,'Inspiron 3576',15.6,'Full HD 1920x1080','8GB','256GB SSD','2.13kg',728,5,9,30,3,2),(164,'Legion Y520-15IKBN',15.6,'IPS Panel Full HD 1920x1080','16GB','256GB SSD','2.5kg',1079,6,26,32,3,4),(165,'Aspire A315-31',15.6,'1366x768','4GB','1TB HDD','2.1kg',348,3,24,22,3,2),(166,'GE63VR 7RE',15.6,'IPS Panel Full HD 1920x1080','16GB','256GB SSD +  1TB HDD','2.4kg',1799,8,26,24,3,4),(167,'Aspire 3',15.6,'1366x768','4GB','1TB HDD','2.1kg',363.51,3,29,43,3,2),(168,'Inspiron 5577',15.6,'Full HD 1920x1080','8GB','128GB SSD +  1TB HDD','2.56kg',1060.49,5,26,17,3,4),(169,'Aspire A517-51G',17.3,'IPS Panel Full HD 1920x1080','8GB','256GB SSD','3kg',854,3,9,8,3,2),(170,'ProBook 430',13.3,'IPS Panel Full HD 1920x1080','4GB','500GB HDD','1.49kg',754,2,9,9,3,2),(171,'MateBook X',13,'IPS Panel Full HD 2160x1440','8GB','256GB SSD','1.05kg',1349,11,3,3,3,1),(172,'17-bs001nv (i5-7200U/6GB/2TB/Radeon',17.3,'IPS Panel Full HD 1920x1080','6GB','2TB HDD','2.71kg',699,2,3,30,3,2),(173,'IdeaPad 320-15AST',15.6,'1366x768','4GB','500GB HDD','2.2kg',309,6,40,29,2,2),(174,'Satellite Pro',15.6,'1366x768','4GB','500GB HDD','2kg',489,10,15,3,3,2),(175,'ProBook 470',17.3,'Full HD 1920x1080','8GB','256GB SSD','2.5kg',923,2,9,20,3,2),(176,'Inspiron 3567',15.6,'1366x768','8GB','1TB HDD','2.3kg',459,5,15,3,3,2),(177,'Aspire A315-51',15.6,'1366x768','4GB','128GB SSD','2.1kg',449,3,10,10,3,2),(178,'GT80S 6QF-074US',18.4,'Full HD 1920x1080','32GB','512GB SSD +  1TB HDD','4.4kg',2799,8,41,44,3,4),(179,'V310-15IKB (i5-7200U/8GB/1TB',15.6,'Full HD 1920x1080','8GB','128GB SSD +  1TB HDD','1.90kg',813,6,3,45,3,2),(180,'Spectre x360',13.3,'IPS Panel 4K Ultra HD / Touchscreen 3840x2160','8GB','256GB SSD','1.29kg',1499,2,9,9,3,5),(181,'Inspiron 5570',15.6,'Full HD 1920x1080','16GB','256GB SSD +  2TB HDD','2.02kg',1049,5,8,19,5,2),(182,'XPS 13',13.3,'Full HD 1920x1080','8GB','256GB SSD','1.23kg',1399,5,9,9,3,1),(183,'Yoga 920-13IKB',13.9,'IPS Panel 4K Ultra HD / Touchscreen 3840x2160','16GB','512GB SSD','1.4kg',1849,6,8,9,3,5),(184,'Satellite Pro',15.6,'1366x768','8GB','128GB SSD','2.0kg',793,10,3,3,3,2),(185,'Mi Notebook',15.6,'IPS Panel Full HD 1920x1080','8GB','256GB SSD','1.95kg',1199,12,9,8,2,2),(186,'Inspiron 7773',17.3,'Full HD / Touchscreen 1920x1080','16GB','512GB SSD','2.77kg',1549,5,8,25,3,2),(187,'XPS 15',15.6,'4K Ultra HD / Touchscreen 3840x2160','16GB','512GB SSD','2.06kg',2397,5,26,17,3,2),(188,'Legion Y520-15IKBN',15.6,'IPS Panel Full HD 1920x1080','8GB','256GB SSD','2.4kg',779,6,17,17,2,4),(189,'Swift 7',13.3,'IPS Panel Full HD 1920x1080','8GB','256GB SSD','1.12kg',989,3,42,13,3,1),(190,'Inspiron 5770',17.3,'Full HD 1920x1080','8GB','128GB SSD +  1TB HDD','2.8kg',1085,5,8,19,3,2),(191,'Thinkpad Yoga',14,'Touchscreen 2560x1440','16GB','1TB SSD','1.42kg',2824,6,13,3,3,5),(192,'K147 (N3350/4GB/32GB/FHD/W10)',14,'IPS Panel Full HD 1920x1080','4GB','32GB Flash Storage','1.3kg',260,13,24,22,3,2),(193,'Mi Notebook',13.3,'IPS Panel Full HD 1920x1080','8GB','256GB SSD','1.3kg',999.9,12,3,8,2,1),(194,'IdeaPad 320-17IKBR',17.3,'1600x900','8GB','256GB SSD','2.8kg',698,6,9,8,2,2),(195,'Inspiron 5379',13.3,'IPS Panel Full HD / Touchscreen 1920x1080','8GB','1TB HDD','1.62kg',839,5,8,9,3,5),(196,'ProBook 470',17.3,'IPS Panel Full HD 1920x1080','8GB','1TB HDD','2.5kg',914,2,9,20,3,2),(197,'Blade Pro',17.3,'4K Ultra HD / Touchscreen 3840x2160','32GB','1TB SSD','3.49kg',6099,14,43,46,3,4),(198,'ProBook 430',13.3,'Full HD 1920x1080','8GB','512GB SSD','1.49kg',959,2,9,9,3,2),(199,'Omen 17-W295',17.3,'IPS Panel Full HD 1920x1080','16GB','256GB SSD +  1TB HDD','3.35kg',1379,2,26,17,3,4),(200,'Probook 470',17.3,'Full HD 1920x1080','8GB','256GB SSD','2.5kg',1045,2,8,23,3,2),(201,'Inspiron 7577',15.6,'IPS Panel 4K Ultra HD 3840x2160','16GB','512GB SSD +  1TB HDD','2.65kg',1845,5,26,24,3,4),(202,'V110-15ISK (i5-6200U/4GB/128GB/W10)',15.6,'1366x768','4GB','128GB SSD','2.1kg',493,6,36,10,3,2),(203,'Aspire E5-576G',15.6,'Full HD 1920x1080','8GB','1TB HDD','2.23kg',742,3,13,15,3,2),(204,'Legion Y720-15IKB',15.6,'IPS Panel Full HD 1920x1080','16GB','512GB SSD +  1TB HDD','3.2kg',1749,6,26,24,3,4),(205,'Precision 7520',15.6,'4K Ultra HD 3840x2160','16GB','256GB SSD +  1TB HDD','2.8kg',3055,5,44,47,3,6),(206,'Legion Y520-15IKBN',15.6,'Full HD 1920x1080','16GB','512GB SSD','2.4kg',1398,6,26,24,2,4),(207,'Inspiron 3567',15.6,'Touchscreen 1366x768','6GB','1TB HDD','2.3kg',439,5,15,3,3,2),(208,'XPS 13',13.3,'IPS Panel 4K Ultra HD / Touchscreen 3840x2160','8GB','256GB SSD','1.21kg',1949,5,8,9,3,1),(209,'XPS 13',13.3,'Full HD 1920x1080','8GB','256GB SSD','1.2kg',1449,5,8,9,3,1),(210,'IdeaPad 320-15IKBN',15.6,'1366x768','8GB','256GB SSD','2.2kg',597,6,3,3,3,2),(211,'Aspire 7',15.6,'Full HD 1920x1080','8GB','1TB HDD','2.4kg',779,3,26,17,5,2),(212,'ROG GL703VD-GC028T',17.3,'Full HD 1920x1080','16GB','256GB SSD +  1TB HDD','2.9kg',1407,4,26,17,3,4),(213,'15-bs018nq (i3-6006U/4GB/500GB/FHD/No',15.6,'Full HD 1920x1080','4GB','500GB HDD','2.1kg',349,2,10,10,2,2),(214,'IdeaPad 320-15IKBN',15.6,'Full HD 1920x1080','8GB','256GB SSD','2.2kg',549,6,3,3,2,2),(215,'MateBook X',13,'IPS Panel Full HD 2160x1440','8GB','512GB SSD','1.05kg',1499,11,13,3,3,1),(216,'Inspiron 5370',13.3,'IPS Panel Full HD 1920x1080','8GB','256GB SSD','1.4kg',931.88,5,8,19,3,1),(217,'IdeaPad 320-17IKB',17.3,'1600x900','8GB','1TB HDD','2.8kg',589,6,3,35,2,2),(218,'Probook 440',14,'Full HD 1920x1080','8GB','256GB SSD','1.63kg',1031,2,8,20,3,2),(219,'Latitude 5490',14,'Full HD 1920x1080','8GB','256GB SSD','1.6kg',1149,5,9,9,3,1),(220,'Inspiron 5379',13.3,'Full HD / Touchscreen 1920x1080','16GB','512GB SSD','1.62kg',1279,5,8,9,3,5),(221,'Inspiron 3576',15.6,'Full HD 1920x1080','8GB','256GB SSD','2.2kg',677.35,5,9,30,5,2),(222,'Yoga 520-14IKB',14,'IPS Panel Full HD 1920x1080','8GB','256GB SSD','1.74kg',899,6,9,9,3,5),(223,'Portege Z30-C-16L',13.3,'Full HD 1920x1080','8GB','256GB SSD','1.2kg',1363,10,45,10,3,1),(224,'ProBook 450',15.6,'Full HD 1920x1080','8GB','1TB HDD','2.1kg',794,2,9,9,3,2),(225,'Alienware 17',17.3,'IPS Panel Full HD 1920x1080','16GB','256GB SSD +  1TB HDD','4.42kg',2456.34,5,26,24,3,4),(226,'Aspire E5-576G',15.6,'Full HD 1920x1080','8GB','256GB SSD','2.2kg',832,3,13,15,3,2),(227,'Inspiron 5567',15.6,'Full HD / Touchscreen 1920x1080','16GB','1TB HDD','2.3kg',859.01,5,13,38,3,2),(228,'Vivobook X541UV-DM1217T',15.6,'Full HD 1920x1080','8GB','256GB SSD','2kg',769,4,3,48,3,2),(229,'K756UX-T4340T (i5-7200U/8GB/500GB',17.3,'Full HD 1920x1080','8GB','256GB SSD +  500GB HDD','2.69kg',891,4,3,49,3,2),(230,'ZBook 15u',15.6,'Full HD 1920x1080','8GB','1TB HDD','1.9kg',1269,2,13,50,3,2),(231,'Pro P2540UA-XO0198T',15.6,'1366x768','4GB','1TB HDD','2.37kg',398.99,4,15,3,3,2),(232,'15-rb013nv (E2-9000e/4GB/500GB/W10)',15.6,'1366x768','4GB','500GB HDD','2.1kg',330,2,46,18,3,2),(233,'Legion Y720-15IKB',15.6,'IPS Panel Full HD 1920x1080','16GB','256GB SSD +  1TB HDD','3.2kg',1499,6,26,24,3,4),(234,'Vostro 5468',14,'Full HD 1920x1080','8GB','256GB SSD','1.6kg',859,5,3,3,3,2),(235,'Aspire R7',13.3,'IPS Panel Full HD / Touchscreen 1920x1080','8GB','256GB SSD','1.6kg',689,3,36,10,3,5),(236,'Inspiron 5567',15.6,'Full HD 1920x1080','16GB','256GB SSD','2.36kg',899,5,13,38,5,2),(237,'Aspire A315-51',15.6,'1366x768','4GB','1TB HDD','2.1kg',390,3,10,10,5,2),(238,'X555QG-DM242T (A10-9620P/4GB/1TB',15.6,'Full HD 1920x1080','4GB','128GB SSD +  1TB HDD','2.2kg',575,4,47,12,3,2),(239,'ROG G703VI-E5062T',17.3,'Full HD 1920x1080','32GB','512GB SSD +  1TB HDD','4.7kg',3890,4,43,46,3,4),(240,'Nitro AN515-51',15.6,'IPS Panel Full HD 1920x1080','8GB','256GB SSD','2.5kg',846,3,17,17,3,4),(241,'IdeaPad 320-15ISK',15.6,'1366x768','8GB','128GB SSD','2.2kg',589,6,10,10,3,2),(242,'VivoBook Pro',17.3,'Full HD 1920x1080','8GB','128GB SSD +  1TB HDD','2.1kg',1145,4,8,25,3,2),(243,'F756UX-T4201D (i7-7500U/8GB/128GB',17.3,'Full HD 1920x1080','8GB','128GB SSD +  1TB HDD','2.69kg',889,4,13,49,2,2),(244,'Inspiron 5577',15.6,'Full HD 1920x1080','8GB','256GB SSD','2.56kg',879,5,17,17,3,4),(245,'Yoga 910-13IKB',13.9,'IPS Panel Full HD / Touchscreen 1920x1080','8GB','256GB SSD','1.38kg',1079,6,13,3,3,5),(246,'Inspiron 5570',15.6,'Full HD 1920x1080','8GB','128GB SSD +  2TB HDD','2.2kg',985,5,8,19,3,2),(247,'15-bs015dx (i5-7200U/8GB/1TB/W10)',15.6,'Touchscreen 1366x768','8GB','1TB HDD','2.04kg',559,2,3,3,3,2),(248,'Rog G701VIK-BA060T',17.3,'Full HD 1920x1080','16GB','256GB SSD','3.6kg',2999,4,43,46,3,4),(249,'ProBook 430',13.3,'IPS Panel Full HD 1920x1080','4GB','500GB HDD','1.49kg',675,2,9,9,3,2),(250,'MacBook Pro',13.3,'IPS Panel Retina Display 2560x1600','8GB','512GB SSD','1.37kg',2040,1,5,5,1,1),(251,'Inspiron 5579',15.6,'IPS Panel Full HD / Touchscreen 1920x1080','8GB','1TB HDD','2.08kg',819,5,8,9,3,5),(252,'ROG G752VSK-GC493T',17.3,'Full HD 1920x1080','16GB','256GB SSD +  1TB HDD','4.3kg',1799,4,26,51,3,4),(253,'X505BP-BR019T (A9-9420/4GB/1TB/Radeon',15.6,'1366x768','4GB','1TB HDD','1.68kg',469,4,6,42,3,2),(254,'Yoga 920-13IKB',13.9,'IPS Panel Full HD / Touchscreen 1920x1080','8GB','512GB SSD','1.37kg',1849,6,8,9,3,5),(255,'Aspire 5',17.3,'IPS Panel Full HD 1920x1080','4GB','256GB SSD','3kg',702,3,25,33,3,2),(256,'Vostro 5370',13.3,'Full HD 1920x1080','8GB','256GB SSD','1.41kg',949,5,9,9,3,1),(257,'15-BW094nd (A6-9220/8GB/128GB/W10)',15.6,'1366x768','8GB','128GB SSD','1.91kg',445.9,2,48,29,3,2),(258,'Envy 17-U275cl',17.3,'IPS Panel Full HD 1920x1080','16GB','1TB HDD','2.9kg',1059,2,8,8,3,2),(259,'GT73EVR 7RE',17.3,'Full HD 1920x1080','16GB','512GB SSD +  1TB HDD','4.14kg',2499,8,26,31,3,4),(260,'Yoga 720-15IKB',15.6,'IPS Panel Full HD / Touchscreen 1920x1080','8GB','512GB SSD','2kg',1699,6,26,40,3,5),(261,'Inspiron 5770',17.3,'Full HD 1920x1080','8GB','128GB SSD +  1TB HDD','2.8kg',1142,5,8,19,3,2),(262,'IdeaPad 320-15ISK',15.6,'Full HD 1920x1080','4GB','256GB SSD','2.2kg',444,6,10,10,2,2),(263,'ProBook 450',15.6,'IPS Panel Full HD 1920x1080','4GB','500GB HDD','2.1kg',722,2,9,3,3,2),(264,'Vostro 3568',15.6,'Full HD 1920x1080','4GB','1TB HDD','2.18kg',657,5,3,3,3,2),(265,'Inspiron 3567',15.6,'Full HD 1920x1080','8GB','1TB HDD','2.24kg',565,5,3,12,3,2),(266,'Inspiron 5579',15.6,'Full HD / Touchscreen 1920x1080','8GB','256GB SSD','2.67kg',799,5,9,9,3,5),(267,'ZenBook Flip',13.3,'Full HD / Touchscreen 1920x1080','8GB','512GB SSD +  512GB SSD','1.1kg',1499,4,8,9,3,5),(268,'IdeaPad 320-15IKBN',15.6,'Full HD 1920x1080','4GB','1TB HDD','2.2kg',467,6,3,3,2,2),(269,'Probook 470',17.3,'Full HD 1920x1080','8GB','1TB HDD','2.5kg',1018,2,8,23,3,2),(270,'V330-15IKB (i7-8550U/8GB/256GB/FHD/W10)',15.6,'Full HD 1920x1080','8GB','256GB SSD','2.05kg',880,6,8,9,3,2),(271,'MacBook Pro',13.3,'IPS Panel Retina Display 2560x1600','8GB','512GB SSD','1.37kg',1958.9,1,49,52,1,1),(272,'Rog Strix',17.3,'Full HD 1920x1080','16GB','256GB SSD +  1TB HDD','3.2kg',1549,4,28,27,3,4),(273,'Inspiron 3576',15.6,'Full HD 1920x1080','8GB','256GB SSD','2.14kg',735.07,5,8,30,5,2),(274,'ThinkPad X1',14,'Touchscreen 2560x1440','16GB','512GB SSD','1.36kg',2499,6,50,10,3,5),(275,'Satellite Pro',15.6,'1366x768','8GB','500GB HDD','2.2kg',812,10,45,53,3,2),(276,'Inspiron 5567',15.6,'1366x768','12GB','1TB HDD','2.3kg',713.07,5,13,3,3,2),(277,'Inspiron 5770',17.3,'Full HD 1920x1080','8GB','128GB SSD +  1TB HDD','2.8kg',1099,5,8,19,5,2),(278,'Aspire A515-51G',15.6,'IPS Panel Full HD 1920x1080','8GB','1TB HDD','2.2kg',745,3,8,33,3,2),(279,'IdeaPad 320-17ISK',17.3,'1600x900','4GB','1TB HDD','2.8kg',489,6,10,10,3,2),(280,'IdeaPad 320-17IKBR',17.3,'Full HD 1920x1080','8GB','2TB HDD','2.8kg',849,6,8,8,2,2),(281,'IdeaPad 320-17IKB',17.3,'1600x900','6GB','128GB SSD +  1TB HDD','2.8kg',859,6,13,15,3,2),(282,'Inspiron 3567',15.6,'Full HD 1920x1080','4GB','1TB HDD','2.25kg',428,5,51,12,5,2),(283,'Legion Y520-15IKBN',15.6,'IPS Panel Full HD 1920x1080','8GB','256GB SSD','2.5kg',829,6,17,17,3,4),(284,'Ideapad 320-15IKBN',15.6,'Full HD 1920x1080','6GB','256GB SSD','2.2kg',579,6,3,3,3,2),(285,'Aspire A517-51G',15.6,'IPS Panel Full HD 1920x1080','8GB','256GB SSD','3kg',951,3,8,8,3,2),(286,'SP315-51 (i7-7500U/12GB/1TB/FHD/W10)',15.6,'IPS Panel Full HD / Touchscreen 1920x1080','12GB','1TB HDD','2.15kg',659,3,13,3,3,2),(287,'Thinkpad T570',15.6,'IPS Panel Full HD 1920x1080','8GB','256GB SSD','1.95kg',1097,6,13,54,3,2),(288,'VivoBook S15',15.6,'Full HD 1920x1080','8GB','256GB SSD','1.7kg',977,4,3,15,3,1),(289,'Legion Y520-15IKBN',15.6,'IPS Panel Full HD 1920x1080','16GB','256GB SSD +  1TB HDD','2.5kg',1179,6,26,32,3,4),(290,'IdeaPad 320-15IKB',15.6,'Full HD 1920x1080','8GB','1TB HDD','2.2kg',659.01,6,13,15,2,2),(291,'Chromebook C910-C2ST',15.6,'1366x768','2GB','16GB SSD','2.19kg',199,3,52,21,8,2),(292,'FX753VD-GC071T (i7-7700HQ/8GB/1TB/GeForce',17.3,'Full HD 1920x1080','8GB','1TB HDD','3kg',1187,4,26,17,3,4),(293,'17-BS037cl (i3-6006U/8GB/1TB/W10)',17.3,'1600x900','8GB','1TB HDD','2.54kg',489,2,10,10,3,2),(294,'XPS 15',15.6,'Full HD 1920x1080','8GB','256GB SSD','2kg',1829,5,26,17,3,2),(295,'V330-15IKB (i5-8250U/8GB/256GB/FHD/W10)',15.6,'Full HD 1920x1080','8GB','256GB SSD','2.05kg',739,6,9,9,3,2),(296,'Legion Y720-15IKB',15.6,'IPS Panel Full HD 1920x1080','8GB','1TB HDD','3.2kg',1299,6,26,24,3,4),(297,'Aspire A715-71G',15.6,'Full HD 1920x1080','8GB','256GB SSD','2.5kg',979,3,26,32,5,2),(298,'Precision 7720',17.3,'Full HD 1920x1080','16GB','256GB SSD','3.42kg',2884.86,5,53,47,3,6),(299,'IdeaPad 310-15ABR',15.6,'Full HD 1920x1080','6GB','1TB HDD','2.4kg',499,6,54,55,3,2),(300,'ZenBook UX530UQ-PRO',15.6,'Full HD 1920x1080','16GB','512GB SSD','1.63kg',1468,4,13,15,3,1),(301,'VivoBook S14',14,'1366x768','4GB','128GB SSD','1.3kg',509,4,15,3,3,2),(302,'Rog GL702VS-GC095T',17.3,'Full HD 1920x1080','16GB','256GB SSD +  1TB HDD','2.9kg',2122,4,26,31,3,4),(303,'IdeaPad 320-17IKB',17.3,'1600x900','6GB','1TB HDD','2.8kg',649,6,3,56,3,2),(304,'IdeaPad 320-15IKBN',15.6,'1366x768','8GB','2TB HDD','2.2kg',549,6,3,15,2,2),(305,'GL553VE-FY082T (i7-7700HQ/8GB/1TB',15.6,'Full HD 1920x1080','8GB','128GB SSD +  1TB HDD','2.5kg',1265,4,26,32,3,4),(306,'IdeaPad 320-15IAP',15.6,'1366x768','4GB','1TB HDD','2.2kg',359.99,6,29,43,2,2),(307,'EliteBook x360',13.3,'Full HD / Touchscreen 1920x1080','16GB','256GB SSD','1.28kg',1975,2,55,3,3,5),(308,'Satellite Pro',15.6,'IPS Panel Full HD 1920x1080','8GB','256GB SSD','2.2kg',1043,10,45,53,3,2),(309,'IdeaPad 320-15IKB',15.6,'Full HD 1920x1080','8GB','128GB SSD +  1TB HDD','2.3kg',819,6,3,15,3,2),(310,'250 G6',15.6,'Full HD 1920x1080','4GB','1TB HDD','1.86kg',469,2,10,10,3,2),(311,'IdeaPad 720S-13IKB',13.3,'IPS Panel Full HD 1920x1080','8GB','256GB SSD','1.1kg',999,6,3,3,3,2),(312,'XPS 13',13.3,'IPS Panel 4K Ultra HD / Touchscreen 3840x2160','16GB','1TB SSD','1.21kg',2499,5,8,9,3,1),(313,'GE63VR 7RF',15.6,'IPS Panel Full HD 1920x1080','16GB','256GB SSD +  1TB HDD','2.8kg',2099,8,26,31,3,4),(314,'ES1-523-84K7 (A8-7410/8GB/256GB/FHD/W10)',15.6,'Full HD 1920x1080','8GB','256GB SSD','2.23kg',469,3,56,6,3,2),(315,'VivoBook Flip',11.6,'Touchscreen 1366x768','2GB','32GB Flash Storage','1.1kg',275,4,24,22,3,5),(316,'Inspiron 5570',15.6,'Full HD 1920x1080','8GB','128GB SSD +  1TB HDD','2.33kg',844,5,9,19,3,2),(317,'Spectre x360',13.3,'IPS Panel 4K Ultra HD / Touchscreen 3840x2160','16GB','1TB SSD','1.29kg',2449,2,8,9,3,5),(318,'ThinkPad 13',13.3,'1366x768','4GB','16GB Flash Storage','1.45kg',459.9,6,57,57,8,2),(319,'ProBook 640',14,'Full HD 1920x1080','8GB','256GB SSD','1.95kg',980,2,3,3,3,2),(320,'TravelMate B',11.6,'1366x768','4GB','128GB Flash Storage','1.4kg',485,3,58,58,3,2),(321,'Elitebook 840',14,'Full HD 1920x1080','8GB','256GB SSD','1.48kg',1292,2,13,3,3,2),(322,'IdeaPad 320-17IKB',17.3,'1600x900','4GB','1TB HDD','2.79kg',589,6,3,28,3,2),(323,'ZenBook UX410UA-GV183T',14,'Full HD 1920x1080','8GB','256GB SSD','2kg',1094,4,13,3,3,2),(324,'ProBook 450',15.6,'IPS Panel Full HD 1366x768','8GB','1TB HDD','2.1kg',902,2,8,9,3,2),(325,'Aspire 5',15.6,'1366x768','8GB','256GB SSD','2.2kg',659,3,59,59,3,2),(326,'IdeaPad 120S-14IAP',14,'1366x768','4GB','32GB Flash Storage','1.44kg',292,6,24,22,3,2),(327,'Aspire E5-575',15.6,'1366x768','6GB','1TB HDD','2.23kg',549,3,3,3,3,2),(328,'VivoBook S15',15.6,'Full HD 1920x1080','8GB','256GB SSD','1.7kg',1049.9,4,13,15,3,1),(329,'Elitebook 820',12.5,'Full HD 1920x1080','8GB','256GB SSD','1.26kg',1335,2,13,3,3,1),(330,'XPS 15',15.6,'4K Ultra HD / Touchscreen 3840x2160','32GB','1TB SSD','2.06kg',2639,5,26,17,3,2),(331,'GL72M 7REX',17.3,'Full HD 1920x1080','8GB','256GB SSD +  1TB HDD','2.7kg',1199,8,26,32,3,4),(332,'Satellite Pro',15.6,'IPS Panel Full HD 1920x1080','8GB','256GB SSD','2.0kg',943,10,3,3,3,2),(333,'UX510UX-CN269T (i7-7500U/8GB/256GB',14,'Full HD 1920x1080','8GB','256GB SSD +  1TB HDD','2kg',1334,4,13,3,3,2),(334,'V310-15ISK (i3-6006U/4GB/1TB/FHD/W10)',15.6,'Full HD 1920x1080','4GB','1TB HDD','1.85kg',449,6,10,10,3,2),(335,'FX553VD-FY647T (i7-7700HQ/8GB/256GB/GeForce',15.6,'Full HD 1920x1080','8GB','256GB SSD','2.5kg',999,4,26,17,3,4),(336,'EliteBook 840',14,'Full HD 1920x1080','8GB','256GB SSD','1.48kg',1268,2,60,3,3,2),(337,'Inspiron 7570',15.6,'IPS Panel Full HD 1920x1080','8GB','128GB SSD +  1TB HDD','1.9kg',1049,5,9,15,3,1),(338,'Elitebook 850',15.6,'Full HD 1920x1080','8GB','256GB SSD','1.84kg',1144,2,3,3,3,2),(339,'X541NA (N3350/4GB/1TB/Linux)',15.6,'1366x768','4GB','1TB HDD','2kg',274.99,4,24,22,5,2),(340,'Inspiron 7570',15.6,'Full HD 1920x1080','8GB','256GB SSD','2kg',1142.75,5,9,15,3,2),(341,'Inspiron 3552',15.6,'1366x768','4GB','500GB HDD','2.2kg',274.9,5,31,21,5,2),(342,'IdeaPad 320-15ABR',15.6,'Full HD 1920x1080','12GB','2TB HDD','2.2kg',899,6,61,19,3,2),(343,'ProBook 450',15.6,'IPS Panel Full HD 1920x1080','8GB','1TB HDD','2.1kg',716,2,15,23,3,2),(344,'Yoga 920-13IKB',13.9,'IPS Panel 4K Ultra HD / Touchscreen 3840x2160','16GB','512GB SSD','1.4kg',2099,6,8,9,3,5),(345,'XPS 13',13.3,'Full HD 1920x1080','8GB','256GB SSD','1.2kg',1579,5,8,9,3,1),(346,'Legion Y520-15IKBN',15.6,'IPS Panel Full HD 1920x1080','16GB','256GB SSD +  2TB HDD','2.4kg',1129,6,26,32,3,4),(347,'Stream 14-AX001nv',14,'1366x768','2GB','32GB Flash Storage','1.44kg',279,2,31,16,3,2),(348,'Latitude 5590',15.6,'Full HD 1920x1080','16GB','512GB SSD +  256GB SSD','1.88kg',1607.96,5,20,9,3,1),(349,'VivoBook Flip',11.6,'Touchscreen 1366x768','4GB','32GB Flash Storage','1.5kg',375,4,24,22,3,5),(350,'Inspiron 5570',15.6,'Full HD 1920x1080','8GB','1TB HDD','1.9kg',663,5,9,19,3,1),(351,'XPS 15',15.6,'4K Ultra HD / Touchscreen 3840x2160','16GB','512GB SSD','2.06kg',2027.42,5,26,17,3,2),(352,'Elitebook 850',15.6,'Full HD 1920x1080','8GB','256GB SSD','1.84kg',1304,2,13,3,3,2),(353,'GP72MVR 7RFX',17.3,'Full HD 1920x1080','8GB','128GB SSD +  1TB HDD','2.7kg',1409,8,26,24,3,4),(354,'Zbook 15',15.6,'Full HD 1920x1080','8GB','256GB SSD','2.6kg',1738.27,2,26,47,3,6),(355,'Tecra A50-C-21G',15.6,'IPS Panel Full HD 1920x1080','16GB','512GB SSD','2.4kg',1403,10,45,53,3,2),(356,'Inspiron 5570',15.6,'Full HD 1920x1080','8GB','128GB SSD +  2TB HDD','2.02kg',970.9,5,8,19,3,2),(357,'IdeaPad 320-15IAP',15.6,'1366x768','4GB','1TB HDD','2.2kg',321.99,6,24,22,2,2),(358,'Inspiron 7577',15.6,'Full HD 1920x1080','8GB','1TB HDD','2.65kg',999,5,17,17,3,4),(359,'Inspiron 3567',15.6,'Touchscreen 1366x768','8GB','2TB HDD','2.36kg',557.37,5,3,3,3,2),(360,'Latitude 7480',14,'Full HD 1920x1080','8GB','256GB SSD','1.36kg',1427,5,60,3,3,2),(361,'250 G6',15.6,'1366x768','4GB','500GB HDD','1.86kg',439,2,10,10,3,2),(362,'Zenbook UX410UA-GV027T',14,'Full HD 1920x1080','8GB','256GB SSD','2kg',945,4,3,3,3,2),(363,'IdeaPad 320-17IKB',17.3,'1600x900','6GB','128GB SSD +  1TB HDD','2.8kg',719,6,3,35,3,2),(364,'250 G6',15.6,'Full HD 1920x1080','8GB','1TB HDD','1.86kg',639,2,3,3,3,2),(365,'IdeaPad 320-15ISK',15.6,'1366x768','8GB','256GB SSD','2.2kg',499,6,10,48,2,2),(366,'15-AY023na (N3710/8GB/2TB/W10)',15.6,'1366x768','8GB','2TB HDD','2.04kg',389,2,58,58,3,2),(367,'Inspiron 5770',17.3,'Full HD 1920x1080','8GB','128GB SSD +  1TB HDD','2.8kg',1085,5,9,19,3,2),(368,'Legion Y520-15IKBN',15.6,'IPS Panel Full HD 1920x1080','8GB','128GB SSD +  1TB HDD','2.4kg',809,6,17,17,2,4),(369,'Inspiron 5567',15.6,'Full HD 1920x1080','8GB','256GB SSD','2.33kg',899,5,13,38,3,2),(370,'Elitebook 1040',14,'IPS Panel Full HD 1920x1080','8GB','256GB SSD','1.36kg',1750,2,13,3,3,1),(371,'ZenBook Flip',15.6,'Full HD / Touchscreen 1920x1080','12GB','512GB SSD +  2TB HDD','2.26kg',1099,4,13,60,3,5),(372,'Aspire 3',15.6,'1366x768','4GB','128GB SSD','2.1kg',426,3,6,6,3,2),(373,'Rog Strix',17.3,'IPS Panel Full HD 1920x1080','16GB','256GB SSD +  1TB HDD','3.25kg',2199,4,28,27,3,4),(374,'IdeaPad 110-17ACL',17.3,'1600x900','4GB','128GB SSD','2.6kg',489,6,56,6,3,2),(375,'Inspiron 5379',13.3,'Full HD / Touchscreen 1920x1080','8GB','256GB SSD','1.62kg',869.01,5,8,9,3,5),(376,'15-bw003nv (A9-Series-9420/4GB/256GB/FHD/W10)',15.6,'Full HD 1920x1080','4GB','256GB SSD','1.91kg',488.99,2,6,6,3,2),(377,'Yoga 11e',11.6,'IPS Panel 1366x768','4GB','128GB SSD','1.59kg',553,6,62,22,3,3),(378,'Inspiron 3552',15.6,'1366x768','4GB','500GB HDD','1.8kg',309,5,63,16,3,2),(379,'VivoBook E403NA',14,'1366x768','4GB','32GB Flash Storage','1.5kg',286,4,24,22,3,2),(380,'Aspire 7',15.6,'Full HD 1920x1080','8GB','1TB HDD','2.4kg',846,3,26,17,5,2),(381,'Omen 17-w212nv',17.3,'IPS Panel Full HD 1920x1080','8GB','128GB SSD +  1TB HDD','3.35kg',1191,2,26,17,3,4),(382,'V310-15ISK (i3-6006U/4GB/128GB/FHD/No',15.6,'Full HD 1920x1080','4GB','128GB SSD','1.85kg',403.5,6,10,10,2,2),(383,'ROG Strix',15.6,'IPS Panel Full HD 1920x1080','8GB','128GB SSD +  1TB HDD','2.3kg',1655,4,26,24,3,4),(384,'IdeaPad 720S-14IKB',14,'IPS Panel Full HD 1920x1080','8GB','256GB SSD','1.5kg',1099,6,3,15,3,2),(385,'Zenbook Flip',13.3,'Full HD / Touchscreen 1920x1080','16GB','512GB SSD','1.1kg',1748.9,4,13,3,3,1),(386,'Thinkpad X1',14,'IPS Panel 2560x1440','8GB','512GB SSD','1.13kg',2282,6,13,3,3,1),(387,'Ideapad 510S-13IKB',13.3,'IPS Panel Full HD 1920x1080','4GB','128GB SSD','1.5kg',549,6,15,3,3,2),(388,'Precision 3510',15.6,'Full HD 1920x1080','8GB','500GB HDD','2.23kg',1369,5,64,61,3,6),(389,'Precision 5520',15.6,'IPS Panel Full HD 1920x1080','8GB','256GB SSD','2kg',2135,5,65,47,3,6),(390,'ThinkPad X1',14,'Touchscreen 2560x1440','16GB','512GB SSD','1.42kg',2509,6,13,3,3,5),(391,'Rog GL753VD-GC042T',17.3,'Full HD 1920x1080','8GB','1TB HDD','3kg',1039,4,26,17,3,4),(392,'Rog GL753VE-GC070T',17.3,'Full HD 1920x1080','16GB','256GB SSD +  1TB HDD','3kg',1591,4,26,32,3,4),(393,'Aspire 5',15.6,'IPS Panel 1366x768','12GB','1TB HDD','2.2kg',693.99,3,9,33,3,2),(394,'Leopard GP72M',17.3,'Full HD 1920x1080','8GB','256GB SSD','2.7kg',1349,8,26,32,3,4),(395,'Inspiron 5567',15.6,'Full HD 1920x1080','8GB','256GB SSD','2.33kg',778.87,5,13,38,5,2),(396,'15-BW004nv (A9-9420/4GB/256GB/Radeon',15.6,'Full HD 1920x1080','4GB','256GB SSD','1.91kg',499,2,6,30,3,1),(397,'ThinkPad E580',15.6,'IPS Panel Full HD 1920x1080','8GB','256GB SSD','2.1kg',1229.56,6,8,39,3,2),(398,'ThinkPad L470',14,'IPS Panel Full HD 1920x1080','8GB','256GB SSD','1.9kg',938,6,3,3,3,2),(399,'Precision M5520',15.6,'4K Ultra HD / Touchscreen 3840x2160','8GB','256GB SSD','1.78kg',2712,5,26,47,3,6),(400,'Thinkpad X1',14,'IPS Panel 2560x1440','16GB','1TB SSD','1.13kg',2625,6,13,3,3,1),(401,'IdeaPad 320-15IAP',15.6,'1366x768','4GB','1TB HDD','2.2kg',306,6,24,22,3,2),(402,'FX753VD-GC461T (i7-7700HQ/16GB/1TB',17.3,'Full HD 1920x1080','16GB','256GB SSD +  1TB HDD','2.9kg',1529,4,26,17,3,4),(403,'ThinkPad E580',15.6,'IPS Panel Full HD 1920x1080','8GB','256GB SSD +  1TB HDD','2.1kg',1144.5,6,9,39,3,2),(404,'Aspire 7',15.6,'Full HD 1920x1080','8GB','256GB SSD','2.5kg',879,3,26,17,5,2),(405,'GE73VR 7RF',17.3,'Full HD 1920x1080','16GB','256GB SSD +  1TB HDD','2.8kg',2249,8,26,31,3,4),(406,'Zenbook 3',14,'Full HD 1920x1080','8GB','512GB SSD','1.10kg',1873,4,13,3,3,1),(407,'Portege Z30-C-16P',13.3,'Full HD 1920x1080','16GB','512GB SSD','1.2kg',1747,10,45,10,3,1),(408,'Latitude 7480',14,'Full HD 1920x1080','8GB','512GB SSD','1.36kg',1680,5,55,21,3,1),(409,'IdeaPad 320-15ISK',15.6,'Full HD 1920x1080','4GB','500GB HDD','2.2kg',409,6,10,10,3,2),(410,'Lenovo IdeaPad',11.6,'1366x768','2GB','32GB Flash Storage','1.15kg',304.45,6,24,22,3,2),(411,'ThinkPad P51',15.6,'Full HD 1920x1080','8GB','512GB SSD','2.67kg',1925,6,26,47,3,6),(412,'Thinkpad T470p',14,'IPS Panel Full HD 2560x1440','8GB','512GB SSD','1.7kg',1943,6,26,60,3,1),(413,'15-BS028nv (i3-6006U/4GB/1TB/Radeon',15.6,'Full HD 1920x1080','4GB','1TB HDD','2.1kg',469,2,10,30,3,2),(414,'Aspire R7',13.3,'IPS Panel Full HD / Touchscreen 1920x1080','8GB','256GB SSD','1.6kg',789.01,3,45,10,3,5),(415,'ZenBook Flip',13.3,'IPS Panel Full HD / Touchscreen 1920x1080','8GB','256GB SSD','1.27kg',928,4,3,3,3,5),(416,'Inspiron 3567',15.6,'Full HD 1920x1080','4GB','256GB SSD','2.3kg',598.9,5,3,12,5,2),(417,'Latitude 3380',13.3,'1366x768','4GB','128GB SSD','1.65kg',689,5,10,10,3,2),(418,'EliteBook 1040',14,'Full HD 1920x1080','8GB','256GB SSD','1.43kg',1500,2,45,10,3,1),(419,'Inspiron 3567',15.6,'1366x768','8GB','1TB HDD','2.14kg',539.95,5,3,3,3,2),(420,'ThinkPad E480',14,'IPS Panel Full HD 1920x1080','8GB','256GB SSD','1.75kg',1215.38,6,8,39,3,1),(421,'Yoga 720-15IKB',15.6,'IPS Panel 4K Ultra HD / Touchscreen 3840x2160','16GB','512GB SSD','2kg',1899,6,26,17,3,5),(422,'LapBook 12.3',12.3,'IPS Panel Retina Display 2736x1824','6GB','64GB Flash Storage','1.4kg',449,7,62,22,3,2),(423,'ProBook 650',15.6,'Full HD 1920x1080','8GB','256GB SSD','2.31kg',1427,2,53,54,3,2),(424,'X542UQ-DM117 (i3-7100U/8GB/1TB/GeForce',15.6,'Full HD 1920x1080','8GB','1TB HDD','2.3kg',597,4,15,15,5,2),(425,'Alienware 17',17.3,'IPS Panel 2560x1440','16GB','256GB SSD +  1TB HDD','4.42kg',2799,5,43,31,3,4),(426,'Inspiron 7577',15.6,'IPS Panel Full HD 1920x1080','8GB','128GB SSD +  1TB HDD','2.62kg',1159,5,26,32,3,4),(427,'Inspiron 5570',15.6,'Full HD 1920x1080','8GB','256GB SSD +  2TB HDD','2.02kg',1142.4,5,8,19,3,2),(428,'Latitude 5480',14,'Full HD 1920x1080','8GB','256GB SSD','1.6kg',1099,5,55,3,5,1),(429,'Omen 17-w207nv',17.3,'Full HD 1920x1080','12GB','256GB SSD +  1TB HDD','3.35kg',1999,2,26,31,3,4),(430,'FlexBook Edge',11.6,'IPS Panel Full HD / Touchscreen 1920x1080','4GB','32GB SSD','1.16kg',299,15,24,22,3,5),(431,'Chromebook 3',11.6,'1366x768','4GB','16GB Flash Storage','1.15kg',269,16,31,16,8,3),(432,'Thinkpad 13',13.3,'IPS Panel Full HD 1920x1080','8GB','256GB SSD','1.4kg',1010,6,13,3,3,2),(433,'IdeaPad 320s-14IKB',14,'IPS Panel Full HD 1920x1080','4GB','128GB SSD','1.7kg',599,6,25,3,3,2),(434,'Thinkpad T570',15.6,'IPS Panel 4K Ultra HD 3840x2160','16GB','512GB SSD','2.3kg',2445,6,55,15,3,6),(435,'Thinkpad P51',15.6,'Full HD 1920x1080','16GB','512GB SSD','2.5kg',2449,6,53,62,3,2),(436,'Rog Strix',17.3,'Full HD 1920x1080','8GB','256GB SSD +  1TB HDD','3.2kg',1695,4,66,27,3,4),(437,'15-ra044nv (N3060/4GB/500GB/W10)',15.6,'1366x768','4GB','500GB HDD','2.1kg',347,2,31,16,3,2),(438,'Pixelbook (Core',12.3,'Touchscreen 2400x1600','16GB','512GB SSD','1.1kg',2199,17,67,13,8,1),(439,'ThinkPad T470s',14,'2560x1440','24GB','512GB SSD','1.32kg',2382,6,13,3,3,1),(440,'VivoBook Max',15.6,'Full HD 1920x1080','4GB','256GB SSD','2kg',559,4,3,3,5,2),(441,'IdeaPad 320-15AST',17.3,'1600x900','8GB','1TB HDD','2.8kg',519,6,23,63,3,2),(442,'Inspiron 5570',15.6,'Full HD 1920x1080','4GB','256GB SSD','2.2kg',749,5,9,19,3,2),(443,'ThinkPad X270',12.5,'IPS Panel Full HD 1920x1080','8GB','256GB SSD','1.36kg',1429,6,3,3,3,1),(444,'IdeaPad 320-15IAP',15.6,'Full HD 1920x1080','4GB','128GB SSD','2.2kg',349,6,29,43,3,2),(445,'Omen 15-AX205na',15.6,'IPS Panel Full HD 1920x1080','8GB','128GB SSD +  1TB HDD','2.2kg',1099,2,26,17,3,4),(446,'Latitude 5480',14,'Full HD 1920x1080','8GB','256GB SSD','1.64kg',1179,5,68,20,3,2),(447,'Aspire ES1-572',15.6,'1366x768','4GB','500GB HDD','2.4kg',441.8,3,3,3,5,2),(448,'Precision 3520',15.6,'Full HD 1920x1080','8GB','64GB Flash Storage +  1TB HDD','2.23kg',1993,5,44,64,3,6),(449,'GV62 7RD-1686NL',15.6,'Full HD 1920x1080','8GB','256GB SSD','2.2kg',1027.74,8,17,17,3,4),(450,'Surface Laptop',13.5,'Touchscreen 2256x1504','16GB','512GB SSD','1.25kg',2589,9,69,1,7,1),(451,'15-bs024nv (i5-7200U/8GB/128GB/W10)',15.6,'1366x768','8GB','128GB SSD','1.91kg',589,2,3,3,3,2),(452,'Precision 3520',15.6,'IPS Panel Full HD 1920x1080','16GB','256GB SSD','2.17kg',1975,5,65,64,3,6),(453,'ProBook 650',15.6,'IPS Panel Full HD 1920x1080','8GB','512GB SSD','2.31kg',1534,2,53,3,3,6),(454,'ThinkPad T470',14,'Full HD 1920x1080','8GB','256GB SSD','1.65kg',1345,6,3,3,3,2),(455,'Inspiron 5570',15.6,'Full HD 1920x1080','8GB','128GB SSD +  1TB HDD','2.36kg',979,5,8,19,3,2),(456,'Inspiron 3168',11.6,'Touchscreen 1366x768','4GB','500GB HDD','1.47kg',479,5,58,58,3,5),(457,'Alienware 17',17.3,'IPS Panel Full HD 1920x1080','8GB','1TB HDD','4.42kg',2046,5,70,24,3,2),(458,'Surface Laptop',13.5,'Touchscreen 2256x1504','4GB','128GB SSD','1.252kg',989,9,71,13,7,1),(459,'Surface Laptop',13.5,'Touchscreen 2256x1504','8GB','256GB SSD','1.25kg',1799,9,69,1,7,1),(460,'17-BS092ND (i3-6006U/8GB/256GB/W10)',17.3,'1600x900','8GB','256GB SSD','2.5kg',639.9,2,10,10,3,2),(461,'Aspire E5-576G',15.6,'Full HD 1920x1080','4GB','1TB HDD','2.23kg',544,3,10,15,3,2),(462,'TravelMate B',11.6,'1366x768','4GB','128GB SSD','1.4kg',435,3,31,16,3,3),(463,'Pro P2540UA-AB51',15.6,'Full HD 1920x1080','8GB','1TB HDD','2.37kg',749,4,3,3,3,2),(464,'IdeaPad 510s-14IKB',14,'IPS Panel Full HD 1920x1080','8GB','512GB SSD','1.5kg',799,6,13,65,2,2),(465,'Thinkpad P51',15.6,'Full HD 1920x1080','8GB','256GB SSD','2.67kg',2090,6,53,62,3,2),(466,'X541NA-PD1003Y (N4200/4GB/500GB/W10)',15.6,'1366x768','4GB','500GB HDD','2kg',304,4,29,22,3,2),(467,'Aspire 5',15.6,'1366x768','4GB','500GB HDD','2.2kg',469,3,10,35,3,2),(468,'Inspiron 5570',15.6,'Full HD 1920x1080','8GB','2TB HDD','2.02kg',759,5,9,19,3,2),(469,'Omen 17-an006nv',17.3,'IPS Panel Full HD 1920x1080','12GB','1TB HDD','3.78kg',1699,2,26,24,3,4),(470,'Thinkpad T460s',14,'IPS Panel Quad HD+ 2560x1440','12GB','256GB SSD','1.4kg',1858,6,50,10,3,1),(471,'Spectre x360',13.3,'IPS Panel 4K Ultra HD / Touchscreen 3840x2160','8GB','512GB SSD','1.29kg',1999,2,8,9,3,5),(472,'ZBook 15u',15.6,'Full HD 1920x1080','8GB','500GB HDD','1.9kg',1154,2,3,50,3,2),(473,'Pixelbook (Core',12.3,'Touchscreen 2400x1600','8GB','128GB SSD','1.1kg',1275,17,72,13,8,1),(474,'Latitude 7390',13.3,'Full HD / Touchscreen 1920x1080','8GB','256GB SSD','1.42kg',1841.85,5,9,9,3,1),(475,'ZenBook Pro',15.6,'IPS Panel 4K Ultra HD 3840x2160','12GB','128GB SSD +  1TB HDD','2.06kg',1299,4,73,66,3,2),(476,'Latitude E5470',14,'1366x768','8GB','128GB SSD','1.79kg',740,5,74,10,3,2),(477,'Precision M5520',15.6,'Full HD 1920x1080','8GB','256GB SSD','1.78kg',2408,5,26,47,3,6),(478,'Thinkpad T470',14,'Full HD 1920x1080','8GB','180GB SSD','1.7kg',1364,6,3,3,3,2),(479,'Inspiron 3576',15.6,'Full HD 1920x1080','8GB','1TB HDD','2.2kg',675,5,9,30,3,2),(480,'Portege X30-D-10J',13.3,'IPS Panel Full HD 1920x1080','8GB','256GB SSD','1.05kg',1672,10,3,3,3,2),(481,'Inspiron 7570',15.6,'IPS Panel Full HD 1920x1080','8GB','512GB SSD','2.16kg',1262,5,8,15,3,2),(482,'Vostro 3568',15.6,'1366x768','4GB','1TB HDD','2.18kg',586.6,5,15,3,3,2),(483,'ProBook 430',13.3,'IPS Panel Full HD 1920x1080','4GB','128GB SSD','1.49kg',726,2,9,9,3,2),(484,'Lapbook 15,6',15.6,'Full HD 1920x1080','4GB','64GB Flash Storage','1.89kg',248.9,7,16,21,3,2),(485,'ThinkPad E570',15.6,'1366x768','4GB','128GB SSD','2.3kg',565,6,51,10,3,2),(486,'ThinkPad E480',14,'IPS Panel Full HD 1920x1080','8GB','256GB SSD','1.75kg',1049,6,9,9,3,2),(487,'Precision 3520',15.6,'IPS Panel Full HD 1920x1080','16GB','512GB SSD','2.17kg',2338,5,65,64,3,6),(488,'XPS 15',15.6,'Full HD 1920x1080','16GB','512GB SSD','2.06kg',1899,5,26,17,3,2),(489,'Thinkpad X270',12.5,'IPS Panel Full HD 1920x1080','16GB','512GB SSD','1.36kg',1798,6,13,3,3,1),(490,'Zenbook UX390UA',12.5,'Full HD 1920x1080','16GB','512GB SSD','0.91kg',1950,4,13,3,3,1),(491,'Thinkpad E570',15.6,'IPS Panel Full HD 1920x1080','8GB','256GB SSD','2.3kg',1011.99,6,3,15,3,2),(492,'Portege X30-D-10L',13.3,'Full HD / Touchscreen 1920x1080','32GB','512GB SSD','1.05kg',2799,10,13,3,3,1),(493,'VivoBook Pro',15.6,'Full HD 1920x1080','8GB','128GB SSD +  1TB HDD','1.99kg',1350,4,26,17,3,4),(494,'Aspire 5',15.6,'1366x768','8GB','1TB HDD','2.2kg',579,3,75,59,3,2),(495,'Rog G752VL-UH71T',17.3,'IPS Panel Full HD / Touchscreen 1920x1080','24GB','256GB SSD +  1TB HDD','4.33kg',1269,4,73,67,3,4),(496,'Thinkpad X260',12.5,'IPS Panel 1366x768','8GB','180GB SSD','1.3kg',1099,6,36,10,3,1),(497,'Ideapad 520-15IKBR',15.6,'Full HD 1920x1080','8GB','256GB SSD','2.17kg',898.9,6,8,9,3,2),(498,'EliteBook 840',14,'Full HD 1920x1080','8GB','1TB SSD','1.48kg',1749,2,55,3,3,2),(499,'ThinkPad 13',13.3,'IPS Panel Full HD 1920x1080','8GB','256GB SSD','1.4kg',949,6,15,3,3,2),(500,'ThinkPad L570',15.6,'IPS Panel Full HD 1920x1080','8GB','256GB SSD','2.3kg',911,6,3,3,3,2),(501,'VivoBook E201NA',11.6,'1366x768','4GB','64GB Flash Storage','1.2kg',340,4,24,22,7,3),(502,'15-BS026nv (i5-7200U/8GB/256GB/Radeon',15.6,'1366x768','8GB','256GB SSD','1.91kg',618.99,2,3,30,3,2),(503,'Yoga 920-13IKB',13.9,'IPS Panel Full HD / Touchscreen 1920x1080','8GB','256GB SSD','1.4kg',1599,6,9,9,3,5),(504,'IdeaPad 320-14IAP',14,'1366x768','4GB','500GB HDD','2.1kg',299,6,24,22,3,2),(505,'Chromebook N23',11.6,'1366x768','4GB','16GB SSD','1.25kg',265,6,31,16,8,3),(506,'ThinkPad 13',13.3,'Full HD 1920x1080','8GB','256GB SSD','1.44kg',949,6,3,3,3,2),(507,'ZenBook UX510UX-CN211T',15.6,'Full HD 1920x1080','8GB','256GB SSD +  1TB HDD','2kg',1224,4,13,3,3,2),(508,'Aspire A515-51G-59QF',15.6,'IPS Panel Full HD 1920x1080','4GB','1TB HDD','2.2kg',613,3,9,8,3,2),(509,'Envy 13-AB002nv',13.3,'IPS Panel Full HD 1920x1080','8GB','512GB SSD','1.34kg',1323,2,13,3,3,1),(510,'Legion Y520-15IKBN',15.6,'IPS Panel Full HD 1920x1080','8GB','256GB SSD +  1TB HDD','2.4kg',1149,6,26,24,2,4),(511,'XPS 13',13.3,'IPS Panel Full HD / Touchscreen 1920x1080','8GB','128GB SSD','1.29kg',899,5,3,3,3,1),(512,'Aspire A515-51G',15.6,'Full HD 1920x1080','4GB','500GB HDD','2.2kg',639,3,13,15,3,2),(513,'Vostro 5568',15.6,'Full HD 1920x1080','8GB','1TB HDD','2.18kg',836,5,3,3,3,2),(514,'Inspiron 5570',15.6,'Full HD 1920x1080','16GB','256GB SSD +  2TB HDD','2.2kg',1219.24,5,8,19,3,2),(515,'Mi Notebook',15.6,'IPS Panel Full HD 1920x1080','16GB','256GB SSD','1.95kg',1399.95,12,8,8,2,2),(516,'VivoBook E12',11.6,'1366x768','2GB','32GB Flash Storage','1.1kg',245,4,24,22,3,3),(517,'15-bs190od (i5-8250U/4GB/1TB/W10)',15.6,'Touchscreen 1366x768','4GB','1TB HDD','2.04kg',521.47,2,9,9,3,2),(518,'ROG Zephyrus',15.6,'Full HD 1920x1080','24GB','512GB SSD','2.24kg',2968,4,26,68,3,4),(519,'Probook 450',15.6,'Full HD 1920x1080','8GB','256GB SSD','2.04kg',889,2,3,20,3,2),(520,'FX753VE-GC155T (i7-7700HQ/16GB/1TB',17.3,'Full HD 1920x1080','16GB','256GB SSD +  1TB HDD','3kg',1504,4,26,69,3,4),(521,'Legion Y720-15IKB',15.6,'IPS Panel Full HD 1920x1080','8GB','256GB SSD +  1TB HDD','3.2kg',1399,6,26,24,3,4),(522,'Spectre X360',13.3,'IPS Panel Full HD 1920x1080','8GB','256GB SSD','1.32kg',1399,2,13,3,3,1),(523,'Latitude 5480',14,'Full HD 1920x1080','8GB','256GB SSD','1.64kg',1279.73,5,60,3,3,2),(524,'ProBook 440',15.6,'1366x768','4GB','128GB SSD','1.63kg',689,2,10,10,3,2),(525,'Inspiron 5770',17.3,'IPS Panel Full HD 1920x1080','8GB','128GB SSD +  1TB HDD','2.8kg',889,5,9,19,5,2),(526,'ThinkPad L470',14,'Full HD 1920x1080','8GB','256GB SSD','2.02kg',1340,6,36,10,9,2),(527,'IdeaPad 320-15IKB',15.6,'Full HD 1920x1080','4GB','1TB HDD','2.2kg',799,6,13,28,3,2),(528,'IdeaPad 320-15ISK',15.6,'1366x768','8GB','2TB HDD','2.2kg',459,6,10,48,2,2),(529,'Inspiron 3567',15.6,'Full HD 1920x1080','4GB','500GB HDD','2.3kg',585,5,3,12,3,2),(530,'Latitude 5580',15.6,'Full HD 1920x1080','8GB','256GB SSD','1.9kg',1377,5,68,3,3,2),(531,'Alienware 17',17.3,'IPS Panel Full HD 1920x1080','16GB','128GB SSD +  1TB HDD','4.42kg',3012.77,5,26,31,3,4),(532,'Satellite Pro',15.6,'IPS Panel Full HD 1920x1080','8GB','500GB HDD','2.0kg',860,10,3,3,3,2),(533,'Zenbook UX510UW-FI095T',15.6,'IPS Panel 4K Ultra HD 3840x2160','8GB','256GB SSD +  1TB HDD','2kg',1299,4,13,70,3,2),(534,'SmartBook Edge',13.3,'IPS Panel Full HD 1920x1080','4GB','32GB SSD','1.2kg',369,15,62,22,3,2),(535,'ROG Strix',15.6,'IPS Panel Full HD 1920x1080','8GB','128GB SSD +  1TB HDD','2.3kg',1649,4,17,24,3,4),(536,'Latitude 5580',15.6,'Full HD 1920x1080','8GB','256GB SSD','1.93kg',1369,5,55,20,3,2),(537,'Inspiron 5570',15.6,'Full HD 1920x1080','8GB','256GB SSD','2.2kg',797.41,5,9,19,3,2),(538,'250 G6',15.6,'Full HD 1920x1080','4GB','256GB SSD','1.86kg',398.99,2,58,58,3,2),(539,'Omen 15-ce006nv',17.3,'Full HD 1920x1080','12GB','1TB HDD','2.62kg',1799,2,26,24,3,4),(540,'Thinkpad E470',14,'IPS Panel Full HD 1920x1080','8GB','256GB SSD','1.87kg',859,6,13,15,3,2),(541,'XPS 13',13.3,'Quad HD+ / Touchscreen 3200x1800','8GB','256GB SSD','1.2kg',1399,5,8,9,3,1),(542,'Vostro 5468',14,'Full HD 1920x1080','4GB','128GB SSD','1.6kg',735.87,5,10,10,3,2),(543,'Envy 13-AB020nr',13.3,'IPS Panel Quad HD+ 3200x1800','8GB','256GB SSD','1.34kg',1145,2,13,3,3,1),(544,'Aspire 7',15.6,'Full HD 1920x1080','8GB','1TB HDD','2.4kg',798,3,17,17,5,4),(545,'VivoBook X540YA-XX519T',15.6,'1366x768','4GB','500GB HDD','2kg',349,4,76,71,3,2),(546,'ProBook 450',15.6,'Full HD 1920x1080','4GB','128GB SSD','2.1kg',705.5,2,15,3,3,2),(547,'ThinkPad E470',14,'Full HD 1920x1080','4GB','500GB HDD','1.87kg',785,6,3,3,3,2),(548,'V310-15ISK (i5-6200U/4GB/1TB/FHD/No',15.6,'Full HD 1920x1080','4GB','1TB HDD','2.15kg',462.35,6,36,10,2,2),(549,'250 G6',15.6,'Full HD 1920x1080','4GB','500GB HDD','1.86kg',397,2,10,10,3,2),(550,'ThinkPad T570',15.6,'IPS Panel Full HD 1920x1080','8GB','512GB SSD','1.99kg',1729,6,13,3,3,2),(551,'IdeaPad 320-15ISK',15.6,'Full HD 1920x1080','4GB','128GB SSD','2.2kg',499,6,10,10,3,2),(552,'Latitude 5580',15.6,'Full HD 1920x1080','8GB','256GB SSD','1.9kg',1116.99,5,3,3,3,2),(553,'Alienware 17',17.3,'IPS Panel Full HD 1920x1080','16GB','256GB SSD +  1TB HDD','4.42kg',2699,5,26,31,3,4),(554,'17-X047na (i3-6006U/8GB/1TB/W10)',17.3,'1600x900','8GB','1TB HDD','2.65kg',544.15,2,10,10,3,2),(555,'ProBook 470',17.3,'Full HD 1920x1080','8GB','1TB HDD','2.63kg',1280,2,13,20,3,2),(556,'A541NA-GO342 (N3350/4GB/500GB/Linux)',15.6,'1366x768','4GB','500GB HDD','2kg',224,4,24,22,5,2),(557,'SmartBook 130',13.3,'IPS Panel Full HD 1920x1080','4GB','32GB Flash Storage','1.35kg',255,15,16,21,3,2),(558,'IdeaPad 320-17IKB',17.3,'1600x900','6GB','128GB SSD +  1TB HDD','2.8kg',949,6,13,15,3,2),(559,'15-bw007nv (A10-9620P/6GB/128GB/Radeon',15.6,'IPS Panel Full HD 1920x1080','6GB','128GB SSD','1.91kg',568.9,2,47,19,3,2),(560,'Vostro 3568',15.6,'1366x768','4GB','1TB HDD','2.18kg',617.9,5,10,42,3,2),(561,'Spin SP111-31',11.6,'IPS Panel Full HD / Touchscreen 1920x1080','4GB','32GB Flash Storage','1.25kg',349,3,77,22,3,5),(562,'V330-15IKB (i3-7130U/4GB/128GB/FHD/W10)',15.6,'Full HD 1920x1080','4GB','128GB SSD','2.05kg',630,6,25,3,3,2),(563,'EliteBook 1030',13.3,'IPS Panel Quad HD+ / Touchscreen 3200x1800','16GB','512GB SSD','1.16kg',1965,2,37,41,3,1),(564,'Thinkpad P71',17.3,'IPS Panel Full HD 1920x1080','8GB','256GB SSD','3.4kg',2999,6,26,72,3,2),(565,'FX553VD-DM627T (i5-7300HQ/8GB/1TB',15.6,'Full HD 1920x1080','8GB','128GB SSD +  1TB HDD','2.5kg',839,4,17,17,3,2),(566,'XPS 13',13.3,'IPS Panel 4K Ultra HD / Touchscreen 3840x2160','8GB','128GB SSD','1.21kg',1599,5,9,9,3,1),(567,'Latitude 5580',15.6,'1366x768','4GB','500GB HDD','1.93kg',959,5,60,3,3,2),(568,'Lifebook A557',15.6,'1366x768','8GB','1TB HDD','2.2kg',739,18,3,3,3,2),(569,'IdeaPad 320-15IAP',15.6,'Full HD 1920x1080','4GB','500GB HDD','2.2kg',344,6,29,43,3,2),(570,'ThinkPad L470',14,'1366x768','4GB','500GB HDD','2.02kg',990,6,3,3,3,2),(571,'ZBook 17',17.3,'1600x900','8GB','500GB HDD','3.14kg',1860.99,2,68,47,3,6),(572,'14-am079na (N3710/8GB/2TB/W10)',14,'1366x768','8GB','2TB HDD','1.94kg',389,2,58,58,3,2),(573,'15-cd005nv (A9-9420/6GB/256GB/Radeon',15.6,'IPS Panel Full HD 1920x1080','6GB','256GB SSD','1.95kg',649,2,78,19,3,2),(574,'Thinkpad E570',15.6,'Full HD 1920x1080','8GB','256GB SSD','2.3kg',830,6,3,3,3,2),(575,'V330-15IKB (i5-8250U/4GB/500GB/FHD/W10)',15.6,'Full HD 1920x1080','4GB','500GB HDD','2.05kg',685,6,9,3,3,2),(576,'SmartBook 141',14,'Full HD 1920x1080','4GB','32GB SSD','1.4kg',249,15,16,21,3,2),(577,'Tecra X40-D-10H',14,'Full HD / Touchscreen 1920x1080','16GB','512GB SSD','1.24kg',1865,10,13,3,3,1),(578,'IdeaPad Y910-17ISK',17.3,'IPS Panel Full HD 1920x1080','32GB','256GB SSD +  1TB HDD','4.6kg',2663,6,79,31,3,4),(579,'GT73VR Titan',17.3,'Full HD 1920x1080','16GB','512GB SSD +  1TB HDD','4.14kg',2729,8,43,31,3,4),(580,'Inspiron 3567',15.6,'Full HD 1920x1080','8GB','256GB SSD','2.2kg',749.01,5,13,12,5,2),(581,'SmartBook Edge',14,'IPS Panel Full HD 1920x1080','4GB','32GB SSD','1.45kg',389,15,62,22,3,2),(582,'Latitude 5580',15.6,'1366x768','8GB','500GB HDD','1.9kg',1008.52,5,60,3,3,2),(583,'ProBook 430',13.3,'Full HD 1920x1080','4GB','128GB SSD','1.49kg',719,2,15,3,3,2),(584,'Latitude 5580',15.6,'Full HD 1920x1080','16GB','256GB SSD','1.93kg',1537.39,5,55,20,3,2),(585,'Chromebook 11',11.6,'1366x768','4GB','16GB Flash Storage','1.26kg',295,5,31,16,8,3),(586,'GT80S 6QE',17.3,'Full HD 1920x1080','16GB','128GB SSD +  1TB HDD','4.5kg',2349,8,79,51,3,4),(587,'Omen 17-AN010nv',17.3,'IPS Panel Full HD 1920x1080','16GB','256GB SSD +  1TB HDD','3.78kg',1498,2,26,17,3,4),(588,'Thinkpad T460s',14,'IPS Panel Full HD 1920x1080','12GB','256GB SSD','1.4kg',1673,6,50,10,3,1),(589,'Ideapad 320-15IKBR',15.6,'Touchscreen 1366x768','12GB','1TB HDD','2.2kg',609,6,8,3,3,2),(590,'ROG Strix',17.3,'IPS Panel Full HD 1920x1080','8GB','128GB SSD +  1TB HDD','2.73kg',1770,4,17,24,3,4),(591,'TP501UA-CJ131T (i5-7200U/8GB/1TB/W10)',15.6,'Touchscreen 1366x768','8GB','1TB HDD','2.2kg',739,4,3,10,3,5),(592,'IdeaPad 320-15ABR',15.6,'Full HD 1920x1080','12GB','512GB SSD','2.2kg',949,6,61,19,3,2),(593,'Inspiron 3179',11.6,'Touchscreen 1366x768','4GB','128GB SSD','1.39kg',603,5,80,13,3,5),(594,'Notebook Odyssey',15.6,'Full HD 1920x1080','16GB','128GB SSD +  1TB HDD','2.5kg',1699,16,26,17,3,2),(595,'V320-17ISK (i3-6006U/4GB/500GB/FHD/No',17.3,'Full HD 1920x1080','4GB','500GB HDD','2.8kg',529,6,10,10,2,2),(596,'IdeaPad 110-15ISK',15.6,'1366x768','8GB','1TB HDD','2.29kg',459,6,74,10,3,2),(597,'ThinkPad Yoga',13.3,'IPS Panel Full HD / Touchscreen 1920x1080','8GB','512GB SSD','1.37kg',2025,6,13,3,3,5),(598,'Thinkpad T470p',14,'IPS Panel Full HD 1920x1080','8GB','256GB SSD','1.7kg',1474,6,17,54,3,2),(599,'Latitude 5289',12.5,'Full HD / Touchscreen 1920x1080','8GB','256GB SSD','1.34kg',1670,5,3,3,3,5),(600,'Precision 3520',15.6,'Full HD / Touchscreen 1920x1080','8GB','256GB SSD','2.06kg',1763,5,26,64,3,6),(601,'EliteBook 850',15.6,'Full HD 1920x1080','8GB','256GB SSD','1.84kg',1219,2,13,3,3,2),(602,'ProBook 450',15.6,'1366x768','4GB','500GB HDD','2.1kg',668.48,2,15,3,3,2),(603,'Aspire 1',14,'Full HD 1920x1080','4GB','32GB Flash Storage','1.6kg',329,3,62,22,3,2),(604,'Laptop MSI',17.3,'Full HD 1920x1080','16GB','128GB SSD +  1TB HDD','4.14kg',2199,8,79,73,3,4),(605,'Vostro 3568',15.6,'1366x768','4GB','1TB HDD','2.18kg',465,5,10,42,5,2),(606,'GS63VR 7RF',15.6,'4K Ultra HD 3840x2160','16GB','256GB SSD +  2TB HDD','1.8kg',2299,8,26,24,3,4),(607,'Tecra Z50-C-144',15.6,'IPS Panel Full HD 1920x1080','8GB','256GB SSD','2.2kg',1399,10,45,10,3,2),(608,'IdeaPad 310-15IKB',15.6,'Full HD 1920x1080','6GB','1TB HDD','2.4kg',564,6,3,3,3,2),(609,'Yoga 720-15IKB',15.6,'IPS Panel Full HD / Touchscreen 1920x1080','8GB','256GB SSD','2kg',1299,6,26,54,3,5),(610,'Swift SF114-31-P5HY',14,'1366x768','4GB','128GB Flash Storage','1.6kg',349,3,58,58,3,2),(611,'Thinkpad P51',15.6,'IPS Panel 4K Ultra HD 3840x2160','32GB','1TB SSD','2.5kg',4899,6,81,62,3,2),(612,'Inspiron 7559',15.6,'Full HD 1920x1080','16GB','1TB HDD','2.59kg',879.01,5,73,74,3,4),(613,'Vostro 3568',15.6,'1366x768','4GB','1TB HDD','2.18kg',443.9,5,51,10,5,2),(614,'Inspiron 3567',15.6,'1366x768','4GB','1TB HDD','2.25kg',359,5,51,10,5,2),(615,'Latitude 5580',15.6,'1366x768','4GB','500GB HDD','1.93kg',869,5,60,3,5,2),(616,'FX753VD-GC007T (i7-7700HQ/8GB/1TB',17.3,'Full HD 1920x1080','8GB','128GB SSD +  1TB HDD','3kg',1168,4,26,17,3,4),(617,'Vostro 3568',15.6,'Full HD 1920x1080','4GB','128GB SSD','2.18kg',569,5,3,42,5,2),(618,'EliteBook 850',15.6,'Full HD 1920x1080','8GB','512GB SSD','1.84kg',1389,2,13,3,3,1),(619,'GT62VR 7RE',15.6,'Full HD 1920x1080','16GB','256GB SSD +  1TB HDD','2.94kg',2267.86,8,26,31,3,4),(620,'CB5-132T-C9KK (N3160/4GB/32GB/Chrome',11.6,'IPS Panel Touchscreen 1366x768','4GB','32GB Flash Storage','1.25kg',379,3,82,16,8,5),(621,'ProBook 650',14,'1366x768','8GB','256GB SSD','2.31kg',1124,2,60,3,3,2),(622,'ThinkPad T470',14,'Full HD 1920x1080','8GB','256GB SSD','1.65kg',1465,6,36,10,9,2),(623,'Inspiron 5570',15.6,'Full HD 1920x1080','4GB','1TB HDD','2.2kg',776,5,9,19,3,2),(624,'LifeBook A557',15.6,'1366x768','8GB','256GB SSD','2.2kg',799,18,3,3,3,2),(625,'EliteBook 850',15.6,'1366x768','4GB','500GB HDD','1.88kg',932,2,36,10,9,2),(626,'IdeaPad 320-15IKB',15.6,'Full HD 1920x1080','8GB','1TB HDD','2.2kg',899,6,13,28,3,2),(627,'SmartBook 140',14,'Full HD 1920x1080','2GB','32GB Flash Storage','1.4kg',239,15,16,21,3,2),(628,'IdeaPad 320-15IKBN',15.6,'Full HD 1920x1080','4GB','128GB SSD','2.2kg',468,6,3,3,2,2),(629,'Q304UA-BHI5T11 (i5-7200U/6GB/1TB/FHD/W10)',13.3,'Full HD / Touchscreen 1920x1080','6GB','1TB HDD','1.5kg',639.01,4,3,3,3,5),(630,'XPS 15',15.6,'Full HD 1920x1080','8GB','256GB SSD','2kg',1820,5,26,17,3,2),(631,'ZenBook 3',14,'Full HD 1920x1080','16GB','512GB SSD','1.1kg',1900,4,13,3,3,1),(632,'Inspiron 7567',15.6,'Full HD 1920x1080','16GB','256GB SSD +  1TB HDD','2.62kg',1479,5,26,32,3,4),(633,'V330-15IKB (i5-8250U/4GB/256GB/FHD/W10)',15.6,'Full HD 1920x1080','4GB','256GB SSD','1.8kg',829,6,9,9,3,2),(634,'Ideapad 320-15ISK',15.6,'Full HD 1920x1080','4GB','1TB HDD','2.2kg',579,6,10,48,3,2),(635,'X541NA-GO414T (N3350/8GB/1TB/W10)',15.6,'1366x768','8GB','1TB HDD','2kg',399,4,24,22,3,2),(636,'VivoBook Pro',15.6,'Full HD 1920x1080','8GB','1TB HDD','1.99kg',906.62,4,17,17,3,2),(637,'XPS 13',13.3,'Quad HD+ / Touchscreen 3200x1800','8GB','256GB SSD','1.23kg',1869,5,9,9,3,1),(638,'IdeaPad 100S-14IBR',14,'1366x768','2GB','32GB Flash Storage','1.42kg',249,6,31,16,3,2),(639,'Thinkpad Yoga',13.3,'IPS Panel Full HD / Touchscreen 1920x1080','8GB','256GB SSD','1.37kg',1757.42,6,13,3,3,5),(640,'XPS 15',15.6,'4K Ultra HD / Touchscreen 3840x2160','16GB','1TB SSD','2.06kg',2399,5,26,17,3,2),(641,'Legion Y520-15IKBN',15.6,'IPS Panel Full HD 1920x1080','8GB','128GB SSD +  1TB HDD','2.5kg',1109,6,26,40,3,4),(642,'17-AK091ND (A9-9420/8GB/1TB/W10)',17,'1600x900','8GB','1TB HDD','2.6kg',520.9,2,6,6,3,2),(643,'ThinkPad X1',14,'IPS Panel Full HD 1920x1080','16GB','512GB SSD','1.14kg',2450,6,13,3,3,1),(644,'ROG GL553VE-FY022',15.6,'IPS Panel Full HD 1920x1080','8GB','1TB HDD','2.5kg',1169,4,26,32,2,4),(645,'Extensa EX2540',15.6,'1366x768','4GB','500GB HDD','2.4kg',450,3,10,10,3,2),(646,'IdeaPad 100S-14IBR',14,'1366x768','4GB','32GB Flash Storage','1.43kg',274,6,31,21,3,2),(647,'Swift 3',14,'IPS Panel Full HD 1920x1080','8GB','256GB SSD','1.8kg',919,3,3,75,3,1),(648,'Blade Pro',14,'Full HD 1920x1080','16GB','256GB SSD','1.95kg',2599,14,26,24,3,4),(649,'Portege Z30-C-16J',13.3,'Full HD 1920x1080','8GB','256GB SSD','1.2kg',1213,10,36,10,3,2),(650,'Thinkpad X270',12.5,'IPS Panel Full HD 1920x1080','8GB','256GB SSD','1.36kg',1584,6,13,3,3,1),(651,'ROG G701VI',17.3,'IPS Panel Full HD 1920x1080','32GB','512GB SSD','3.8kg',2799,4,79,46,3,4),(652,'A715-71G-59DH (i5-7300HQ/8GB/1TB/GeForce',15.6,'Full HD 1920x1080','8GB','1TB HDD','2.4kg',709,3,17,17,5,4),(653,'XPS 13',13.3,'Full HD 1920x1080','8GB','256GB SSD','1.2kg',1449.9,5,9,9,3,1),(654,'GL62M 7REX',15.6,'Full HD 1920x1080','8GB','128GB SSD +  1TB HDD','2.2kg',1191.8,8,26,32,3,4),(655,'250 G6',15.6,'1366x768','4GB','500GB HDD','1.86kg',364.9,2,10,10,2,2),(656,'Tecra A50-D-11M',15.6,'IPS Panel Full HD 1920x1080','8GB','500GB HDD','2.0kg',1064,10,3,3,3,2),(657,'Inspiron 5570',15.6,'Full HD 1920x1080','8GB','256GB SSD','2.2kg',919,5,8,19,3,2),(658,'Inspiron 5570',15.6,'Full HD 1920x1080','16GB','256GB SSD +  2TB HDD','2.2kg',1135,5,8,19,3,2),(659,'IdeaPad Y700-15ISK',15.6,'IPS Panel Full HD 1920x1080','8GB','128GB SSD +  1TB HDD','3.31kg',1196,6,73,76,3,4),(660,'Alienware 17',17.3,'IPS Panel 4K Ultra HD 3840x2160','32GB','512GB SSD +  1TB HDD','4.42kg',3147.37,5,26,31,3,4),(661,'Latitude E7470',14,'Full HD 1920x1080','8GB','256GB SSD','1.56kg',1229,5,83,10,3,2),(662,'Ideapad 320-15IAP',15.6,'1366x768','4GB','500GB HDD','2.2kg',419,6,24,22,3,2),(663,'IdeaPad 320-15ISK',15.6,'Full HD 1920x1080','4GB','500GB HDD','2.2kg',535,6,36,10,3,2),(664,'15-ay047nv (i3-6006U/6GB/1TB/Radeon',15.6,'1920x1080','6GB','1TB HDD','2.04kg',539,2,10,12,3,2),(665,'GP72VR Leopard',17.3,'Full HD 1920x1080','8GB','128GB SSD +  1TB HDD','2.7kg',1486.77,8,26,24,3,4),(666,'Satellite Pro',15.6,'1366x768','4GB','128GB SSD','2.1kg',498,10,84,10,3,2),(667,'Latitude 3580',15.6,'Full HD 1920x1080','8GB','1TB HDD','2.06kg',955,5,3,3,3,2),(668,'15-bs012nv (i7-7500U/8GB/1TB/Radeon',15.6,'Full HD 1920x1080','8GB','1TB HDD','2.1kg',745,2,13,19,3,2),(669,'Tecra Z50-D-10E',15.6,'IPS Panel Full HD 1920x1080','8GB','256GB SSD','2.0kg',1258,10,3,3,3,2),(670,'Aspire 3',15.6,'1366x768','4GB','128GB SSD','2.1kg',412,3,10,10,5,2),(671,'Surface Laptop',13.5,'Touchscreen 2256x1504','8GB','256GB SSD','1.252kg',1867.85,9,55,1,7,1),(672,'V310-15ISK (i5-7200U/8GB/1TB',15.6,'Full HD 1920x1080','8GB','128GB SSD +  1TB HDD','1.90kg',817.95,6,3,12,3,2),(673,'Yoga 720-13IKB',13.3,'IPS Panel Full HD / Touchscreen 1920x1080','8GB','256GB SSD','1.3kg',1034,6,3,3,3,5),(674,'IdeaPad 320-15AST',15.6,'1366x768','4GB','128GB SSD','2.2kg',349,6,85,71,3,2),(675,'Pavilion X360',14,'IPS Panel Full HD / Touchscreen 1920x1080','4GB','128GB SSD','1.63kg',699,2,15,15,3,5),(676,'GP62 7RDX',15.6,'Full HD 1920x1080','16GB','256GB SSD +  1TB HDD','2.4kg',1294,8,26,17,3,4),(677,'Zenbook 3',14,'Full HD 1920x1080','8GB','256GB SSD','1.1kg',1135,4,3,3,3,1),(678,'Chromebook X360',11.6,'Touchscreen 1366x768','8GB','64GB Flash Storage','1.4kg',495,2,24,22,8,5),(679,'Gram 15Z975',15.6,'IPS Panel Full HD 1920x1080','8GB','512GB SSD','1.09kg',2299,19,8,3,3,1),(680,'Aspire VX5-591G',15.6,'Full HD 1920x1080','16GB','256GB SSD','2.5kg',1299,3,17,32,3,4),(681,'GV62M 7RD',15.6,'Full HD 1920x1080','8GB','256GB SSD','2.2kg',997.9,8,17,17,3,4),(682,'L502NA-GO052T (N3350/4GB/128GB/W10)',15.6,'1366x768','4GB','128GB SSD','1.86kg',419,4,24,22,3,2),(683,'Alienware 15',15.6,'Full HD 1920x1080','16GB','128GB SSD +  1TB HDD','3.21kg',2051,5,17,24,3,4),(684,'17-bs000nv I3',17.3,'IPS Panel Full HD 1920x1080','4GB','256GB SSD','2.5kg',699,2,10,77,3,2),(685,'Yoga 730',13.3,'IPS Panel Full HD / Touchscreen 1920x1080','8GB','512GB SSD','1.19kg',1499,6,8,9,3,5),(686,'Alienware 15',15.6,'Full HD 1920x1080','16GB','256GB SSD +  1TB HDD','3.49kg',2813.75,5,43,31,3,4),(687,'250 G6',15.6,'1366x768','4GB','500GB HDD','1.86kg',612.61,2,3,30,3,2),(688,'Inspiron 3567',15.6,'1366x768','4GB','1TB HDD','2.2kg',545.67,5,10,12,3,2),(689,'17-Y002nv (A10-9600P/6GB/2TB/Radeon',17.3,'IPS Panel Full HD 1920x1080','6GB','2TB HDD','2.65kg',569,2,54,78,3,2),(690,'V110-15ISK (3855U/4GB/500GB/W10)',15.6,'1366x768','4GB','500GB HDD','2.1kg',318,6,57,57,3,2),(691,'Chromebook 14',14,'1366x768','4GB','32GB Flash Storage','1.45kg',375,3,57,57,8,2),(692,'IdeaPad 520s-14IKB',14,'Full HD 1920x1080','4GB','256GB SSD','1.7kg',699,6,3,3,3,2),(693,'ZBook 17',17.3,'Full HD 1920x1080','8GB','500GB HDD','3.14kg',1907.99,2,26,47,3,6),(694,'ThinkPad X1',14,'Touchscreen 2560x1440','8GB','256GB SSD','1.42kg',2590,6,13,3,3,5),(695,'Satellite Pro',13.3,'IPS Panel Full HD 1920x1080','8GB','256GB SSD','1.5kg',973,10,3,3,3,2),(696,'TravelMate B117-M',11.6,'1366x768','4GB','32GB Flash Storage','1.4kg',269,3,86,21,3,3),(697,'Yoga 910-13IKB',14,'Full HD / Touchscreen 1920x1080','16GB','512GB SSD','1.38kg',1749,6,13,3,3,5),(698,'Chromebook Flip',12.5,'Full HD / Touchscreen 1920x1080','4GB','64GB Flash Storage','1.2kg',669,4,87,41,8,5),(699,'Portege Z30T-C-133',13.3,'Full HD / Touchscreen 1920x1080','16GB','512GB SSD','1.36kg',1877,10,45,10,3,1),(700,'15-bs011nv (i7-7500U/4GB/500GB/Radeon',15.6,'IPS Panel Full HD 1920x1080','4GB','500GB HDD','2.1kg',689,2,13,19,3,2),(701,'Inspiron 5577',15.6,'Full HD 1920x1080','8GB','1TB HDD','2.56kg',819,5,17,17,3,4),(702,'IdeaPad 320-15AST',15.6,'Full HD 1920x1080','4GB','256GB SSD','2.2kg',399,6,88,19,3,2),(703,'IdeaPad 320-15ABR',15.6,'1366x768','8GB','1TB HDD','2.2kg',429,6,61,79,3,2),(704,'V310-15IKB (i5-7200U/4GB/1TB/FHD/W10)',15.6,'Full HD 1920x1080','4GB','1TB HDD +  1TB HDD','2.1kg',621.45,6,3,3,3,2),(705,'V310-15ISK (i3-6006U/4GB/500GB/No',15.6,'1366x768','4GB','500GB HDD','1.90kg',450,6,10,10,2,2),(706,'Vostro 5568',15.6,'Full HD 1920x1080','8GB','256GB SSD','2.18kg',795,5,3,3,3,2),(707,'Spin 5',13.3,'IPS Panel Full HD / Touchscreen 1920x1080','8GB','256GB SSD','1.6kg',999,3,9,9,3,5),(708,'ThinkPad P51s',15.6,'Full HD 1920x1080','16GB','512GB SSD','2.18kg',1855,6,45,80,9,6),(709,'Thinkpad T460p',14,'Full HD 1920x1080','8GB','256GB SSD','1.8kg',1191,6,89,10,3,2),(710,'17-ak002nv (A10-9620P/6GB/2TB/Radeon',17.3,'IPS Panel Full HD 1920x1080','6GB','2TB HDD','2.71kg',655.01,2,75,19,3,2),(711,'Legion Y520-15IKBN',15.6,'IPS Panel Full HD 1920x1080','8GB','128GB SSD +  1TB HDD','2.5kg',1249,6,26,32,3,4),(712,'Latitude 5480',14,'Full HD 1920x1080','8GB','256GB SSD','1.64kg',1089,5,68,20,5,2),(713,'Vostro 5568',15.6,'Full HD 1920x1080','8GB','1TB HDD','1.98kg',726,5,3,3,5,2),(714,'VivoBook E403NA',14,'Full HD 1920x1080','4GB','32GB Flash Storage','1.5kg',298,4,24,22,3,2),(715,'Latitude 5580',15.6,'Full HD 1920x1080','16GB','512GB SSD','1.93kg',1426.66,5,60,3,3,2),(716,'Thinkpad E470',14,'IPS Panel Full HD 1920x1080','8GB','256GB SSD','1.87kg',857.07,6,3,28,3,2),(717,'Latitude 5580',15.6,'Full HD 1920x1080','8GB','256GB SSD','1.9kg',1179,5,60,3,3,2),(718,'110-15ACL (A6-7310/4GB/500GB/W10)',15.6,'1366x768','4GB','500GB HDD','2.19kg',298,6,90,63,3,2),(719,'Smartbook 142',14,'IPS Panel Full HD 1920x1200','4GB','32GB HDD','1.4kg',265,15,91,16,3,2),(720,'ProBook 470',17.3,'Full HD 1920x1080','8GB','256GB SSD','2.63kg',1200,2,13,20,3,2),(721,'ThinkPad X1',14,'IPS Panel Quad HD+ 2560x1440','8GB','512GB SSD','1.17kg',1686.64,6,45,10,3,1),(722,'Pavilion X360',13.3,'IPS Panel Touchscreen 1366x768','8GB','256GB SSD','1.58kg',836.6,2,3,3,3,5),(723,'ThinkPad T470s',14,'IPS Panel Full HD 1920x1080','8GB','256GB SSD','1.32kg',1499,6,3,3,3,1),(724,'Alienware 17',17.3,'4K Ultra HD 3840x2160','32GB','1TB SSD +  1TB HDD','4.36kg',3659.4,5,26,31,3,4),(725,'GL72M 7REX',17.3,'Full HD 1920x1080','8GB','128GB SSD +  1TB HDD','2.7kg',1348.48,8,26,32,3,4),(726,'V310-15IKB (i5-7200U/4GB/1TB/No',15.6,'1366x768','4GB','1TB HDD','1.9kg',489.9,6,3,3,2,2),(727,'Inspiron 5570',15.6,'Full HD 1920x1080','8GB','128GB SSD +  1TB HDD','2.2kg',719,5,9,19,3,2),(728,'Inspiron 5378',13.3,'Full HD / Touchscreen 1920x1080','4GB','1TB HDD','1.71kg',649,5,15,3,3,5),(729,'Inspiron 5567',15.6,'1366x768','8GB','1TB HDD','2.32kg',589.52,5,3,38,5,2),(730,'15-BW037na (A9-9420/4GB/1TB/Radeon',15.6,'Full HD 1920x1080','4GB','1TB HDD','2.1kg',489,2,6,30,3,2),(731,'Predator 17',17.3,'IPS Panel Full HD 1920x1080','16GB','128GB SSD +  1TB HDD','4.2kg',1935,3,73,24,3,4),(732,'Inspiron 3567',15.6,'1366x768','12GB','1TB HDD','2.25kg',649,5,3,3,3,2),(733,'15-BW091ND (A9-9420/6GB/1TB',15.6,'Full HD 1920x1080','6GB','128GB SSD +  1TB HDD','2.1kg',650,2,78,30,3,2),(734,'Extensa EX2540-58KR',15.6,'1366x768','4GB','500GB HDD','2.4kg',559,3,3,3,3,2),(735,'ThinkPad 13',13.3,'IPS Panel Full HD 1920x1080','8GB','256GB SSD','1.44kg',960,6,3,3,3,2),(736,'V310-15IKB (i7-7500U/4GB/1TB/FHD/W10)',15.6,'Full HD 1920x1080','4GB','1TB HDD','1.85kg',779,6,13,3,3,2),(737,'ZBook 15',15.6,'Full HD 1920x1080','16GB','256GB SSD','2.6kg',2419,2,26,81,3,6),(738,'Inspiron 5379',13.3,'Full HD / Touchscreen 1920x1080','8GB','1TB HDD','1.55kg',659,5,9,9,3,5),(739,'GS63VR 7RF',15.6,'Full HD 1920x1080','16GB','256GB SSD +  1TB HDD','1.8kg',2094.48,8,26,24,3,4),(740,'Aspire ES1-572',15.6,'1366x768','4GB','500GB HDD','2.4kg',410.8,3,10,10,3,2),(741,'Inspiron 7560',15.6,'Full HD 1920x1080','8GB','128GB SSD +  1TB HDD','2.0kg',1207,5,13,15,3,2),(742,'Vostro 3568',15.6,'1366x768','8GB','256GB SSD','2kg',665,5,10,10,3,2),(743,'Tecra X40-D-10G',14,'IPS Panel Full HD / Touchscreen 1920x1080','8GB','256GB SSD','1.25kg',1535,10,3,3,3,2),(744,'Flex 5',14,'Full HD / Touchscreen 1920x1080','8GB','256GB SSD','1.7kg',999,6,3,3,3,5),(745,'Thinkpad P51s',15.6,'IPS Panel 4K Ultra HD 3840x2160','16GB','1TB SSD','2.5kg',3299,6,55,80,3,6),(746,'Chromebook 14',14,'1366x768','2GB','32GB Flash Storage','1.68kg',330,3,31,16,8,2),(747,'Notebook 9',13.3,'Full HD 1920x1080','16GB','256GB SSD','0.81kg',1649,16,13,3,3,1),(748,'250 G6',15.6,'Full HD 1920x1080','8GB','256GB SSD','1.86kg',539,2,10,10,3,2),(749,'Latitude 5480',14,'1366x768','8GB','256GB SSD','1.6kg',1126.71,5,3,3,3,2),(750,'Zbook 17',17.3,'IPS Panel Full HD 1920x1080','16GB','256GB SSD','3kg',4389,2,92,82,9,6),(751,'N23 (N3060/4GB/128GB/W10)',11.6,'Touchscreen 1366x768','4GB','128GB SSD','1.4kg',475,6,31,16,3,3),(752,'EliteBook 850',15.6,'Full HD 1920x1080','8GB','256GB SSD','1.84kg',1900,2,83,10,3,2),(753,'X550VX-XX015D (i5-6300HQ/4GB/1TB/GeForce',15.6,'1366x768','4GB','1TB HDD','2.45kg',579,4,89,49,2,2),(754,'Thinkpad T460',14,'Full HD 1920x1080','4GB','180GB SSD','1.7kg',1096,6,36,10,3,1),(755,'Pro P2540UA-XO0192R',15.6,'1366x768','4GB','256GB SSD','2.37kg',849.9,4,13,3,3,2),(756,'Yoga 900-13ISK',13.3,'IPS Panel Quad HD+ / Touchscreen 3200x1800','8GB','256GB SSD','1.3kg',1199,6,93,83,3,5),(757,'15-cb003na (i5-7300HQ/8GB/1TB',15.6,'IPS Panel Full HD 1920x1080','8GB','128GB SSD +  1TB HDD','2.2kg',1099,2,17,17,3,2),(758,'ZBook 15',15.6,'Full HD 1920x1080','8GB','256GB SSD','2.59kg',1561,2,73,84,9,6),(759,'Alienware 17',15.6,'IPS Panel 4K Ultra HD 3840x2160','16GB','256GB SSD +  1TB HDD','4.42kg',2868.99,5,26,31,3,4),(760,'Aspire 3',15.6,'1366x768','4GB','256GB SSD','2.1kg',599,3,3,3,3,2),(761,'Legion Y520-15IKBN',15.6,'IPS Panel Full HD 1920x1080','8GB','128GB SSD +  1TB HDD','2.5kg',1048,6,26,17,3,4),(762,'Latitude 7280',12.5,'Full HD 1920x1080','16GB','256GB SSD','1.18kg',1859,5,55,3,3,1),(763,'Pixelbook (Core',12.3,'Touchscreen 2400x1600','8GB','256GB SSD','1.1kg',1559,17,72,13,8,1),(764,'Zenbook UX330UA-AH5Q',13.3,'IPS Panel Quad HD+ 3200x1800','8GB','256GB SSD','1.2kg',1129,4,3,3,3,1),(765,'Latitude 3380',13.3,'1366x768','4GB','500GB HDD','1.65kg',849,5,10,10,3,2),(766,'TravelMate P238-M',13.3,'1366x768','4GB','128GB SSD','1.6kg',655,3,36,10,3,2),(767,'X751NV-TY001 (N4200/4GB/1TB/GeForce',17.3,'1366x768','4GB','1TB HDD','2.8kg',470.34,4,29,28,3,2),(768,'Inspiron 7559',15.6,'IPS Panel Touchscreen / 4K Ultra HD 3840x2160','16GB','128GB SSD +  1TB HDD','2.72kg',1099,5,73,70,3,4),(769,'Notebook 9',13.3,'Full HD / Touchscreen 1920x1080','8GB','256GB SSD','1.31kg',1599,16,13,3,3,1),(770,'Aspire A315-31',15.6,'1366x768','4GB','1TB HDD','2.1kg',298,3,29,43,5,2),(771,'Inspiron 5567',15.6,'Full HD 1920x1080','16GB','256GB SSD','2.3kg',1181.27,5,13,38,3,2),(772,'Notebook 9',15,'Full HD / Touchscreen 1920x1080','16GB','256GB SSD','1.71kg',1799,16,13,85,3,5),(773,'Tecra A40-C-1E5',14,'IPS Panel 1366x768','4GB','128GB SSD','1.75kg',1020,10,36,10,3,2),(774,'Inspiron 7567',15.6,'Full HD 1920x1080','8GB','1TB HDD','2.62kg',1099,5,26,17,3,4),(775,'EliteBook 820',12.5,'1366x768','4GB','256GB SSD','1.26kg',1244,2,36,10,3,1),(776,'Q524UQ-BHI7T15 (i7-7500U/12GB/2TB/GeForce',15.6,'Full HD / Touchscreen 1920x1080','12GB','2TB HDD','2.3kg',839,4,13,15,3,5),(777,'Thinkpad P50',15.6,'4K Ultra HD 3840x2160','16GB','512GB SSD','2.5kg',2370,6,65,82,9,2),(778,'Swift 3',14,'IPS Panel Full HD 1920x1080','4GB','128GB SSD','1.8kg',636,3,15,3,3,2),(779,'Blade Pro',14,'Full HD 1920x1080','16GB','512GB SSD','1.95kg',2899,14,26,24,3,4),(780,'Vivobook Max',15.6,'1920x1080','8GB','128GB SSD','2kg',581.9,4,94,43,3,2),(781,'Alienware 17',17.3,'IPS Panel Full HD 1920x1080','32GB','1TB SSD +  1TB HDD','4.42kg',3588.8,5,26,86,3,4),(782,'Rog G752VS-BA171T',17.3,'IPS Panel Full HD 1920x1080','16GB','256GB SSD +  1TB HDD','4.3kg',2350,4,73,31,3,4),(783,'Tecra Z40-C-161',14,'IPS Panel Full HD 1920x1080','16GB','512GB SSD','1.47kg',1764,10,50,53,3,1),(784,'IdeaPad 110-15IBR',15.6,'1366x768','8GB','1TB HDD','2.2kg',329,6,95,58,2,2),(785,'ThinkPad T470s',14,'Full HD 1920x1080','16GB','512GB SSD','1.7kg',2299,6,13,3,3,1),(786,'GS43VR 7RE',14,'IPS Panel Full HD 1920x1080','16GB','256GB SSD +  1TB HDD','1.6kg',1891,8,26,24,3,4),(787,'GL62M (i5-7300HQ/8GB/1TB',15.6,'Full HD 1920x1080','8GB','128GB SSD +  1TB HDD','2.2kg',1089,8,17,17,3,4),(788,'Legion Y520-15IKBN',15.6,'IPS Panel Full HD 1920x1080','4GB','1TB HDD','2.4kg',999,6,26,17,3,4),(789,'Predator G9-793',17.3,'IPS Panel Full HD 1920x1080','16GB','256GB SSD +  1TB HDD','4.2kg',2299,3,26,24,3,4),(790,'Inspiron 7567',15.6,'Full HD 1920x1080','8GB','256GB SSD','2.62kg',985,5,17,17,3,4),(791,'FX502VM-DM560T (i7-7700HQ/8GB/1TB',15.6,'Full HD 1920x1080','8GB','128GB SSD +  1TB HDD','2.24kg',1339,4,26,87,3,4),(792,'K146 (N3350/4GB/32GB/W10)',14,'1920x1080','4GB','32GB Flash Storage','1.22kg',202.9,13,24,22,3,2),(793,'ThinkPad Yoga',13.3,'IPS Panel Full HD / Touchscreen 1920x1080','8GB','512GB SSD','1.37kg',1970,6,13,3,3,5),(794,'Yoga 510-15IKB',15.6,'Full HD / Touchscreen 1920x1080','8GB','256GB SSD','2.08kg',959,6,3,65,3,5),(795,'MacBook 12\"\"',12,'IPS Panel Retina Display 2304x1440','8GB','512GB Flash Storage','0.920kg',1165,1,96,88,4,1),(796,'ThinkPad X1',14,'IPS Panel Touchscreen 2560x1440','8GB','256GB SSD','1.42kg',2330,6,3,3,3,5),(797,'R417NA-RS01 (N3350/4GB/32GB/W10)',14,'1366x768','4GB','32GB Flash Storage','1.63kg',299,4,24,22,3,2),(798,'Latitude 3580',15.6,'1366x768','8GB','128GB SSD','1.95kg',810,5,3,3,3,2),(799,'Yoga 910-13IKB',13.9,'IPS Panel Full HD / Touchscreen 1920x1080','8GB','256GB SSD','1.38kg',1349,6,13,3,3,5),(800,'Vostro 5568',15.6,'Full HD 1920x1080','8GB','256GB SSD','2kg',739,5,10,89,3,2),(801,'ZBook 17',15.6,'Full HD 1920x1080','8GB','256GB SSD','3.14kg',2064.9,2,26,81,3,6),(802,'Pro P2540UA-XS51',15.6,'Full HD 1920x1080','8GB','256GB SSD','2.37kg',1099,4,3,3,3,2),(803,'XPS 13',13.3,'Full HD 1920x1080','8GB','256GB SSD','1.29kg',1499,5,3,3,3,1),(804,'XPS 15',15.6,'4K Ultra HD / Touchscreen 3840x2160','8GB','256GB SSD','2.06kg',1749,5,17,17,3,2),(805,'Latitude 3180',11.6,'1366x768','4GB','128GB SSD','1.63kg',744,5,29,43,3,3),(806,'EliteBook 820',12.5,'1366x768','8GB','256GB SSD','1.26kg',1389,2,60,3,3,3),(807,'Satellite Pro',15.6,'1366x768','4GB','500GB HDD','2.1kg',780,10,36,10,3,2),(808,'15-ba043na (A12-9700P/8GB/2TB/W10)',15.6,'1366x768','8GB','2TB HDD','2.04kg',629,2,97,90,3,2),(809,'Inspiron 7567',15.6,'4K Ultra HD 3840x2160','16GB','512GB SSD','2.62kg',1679,5,26,32,3,4),(810,'IdeaPad 310-15IKB',15.6,'Full HD 1920x1080','4GB','1TB HDD','2.4kg',609,6,3,37,3,2),(811,'Omen 17-an012dx',17.3,'IPS Panel Full HD 1920x1080','12GB','1TB HDD','3.74kg',1749,2,26,27,3,4),(812,'GE72MVR 7RG',17.3,'Full HD 1920x1080','16GB','512GB SSD +  1TB HDD','2.9kg',2415,8,26,31,3,4),(813,'Notebook 9',13.3,'Full HD 1920x1080','8GB','256GB SSD','0.81kg',1499,16,3,3,3,1),(814,'Vostro 5568',15.6,'Full HD 1920x1080','8GB','1TB HDD','1.98kg',961,5,13,60,3,2),(815,'Vostro 3568',15.6,'Full HD 1920x1080','8GB','256GB SSD','2.18kg',789.81,5,3,42,3,2),(816,'Thinkpad T470s',14,'Full HD 1920x1080','8GB','256GB SSD','1.32kg',1859,6,13,3,3,1),(817,'Blade Stealth',12.5,'IPS Panel 4K Ultra HD / Touchscreen 3840x2160','16GB','512GB SSD','1.29kg',1799,14,98,3,3,1),(818,'Chromebook 11',11.6,'1366x768','4GB','16GB Flash Storage','1.23kg',385,2,31,16,8,3),(819,'Alienware 17',17.3,'IPS Panel Full HD 1920x1080','16GB','128GB SSD +  1TB HDD','4.36kg',2505.02,5,26,24,3,4),(820,'Latitude 3480',14,'1366x768','4GB','500GB HDD','1.76kg',755,5,36,10,3,2),(821,'V110-15ISK (i3-6006U/4GB/500GB/W10)',15.6,'1366x768','4GB','500GB HDD','2.1kg',489.9,6,10,10,3,2),(822,'Tecra X40-D-10Z',14,'1366x768','4GB','128GB SSD','1.25kg',1090,10,3,3,3,1),(823,'Thinkpad X1',14,'IPS Panel Full HD 1920x1080','8GB','512GB SSD','1.13kg',2499,6,13,3,3,1),(824,'GL62M 7RD',15.6,'Full HD 1920x1080','8GB','256GB SSD','2.4kg',1199,8,17,17,3,4),(825,'ThinkPad X1',14,'IPS Panel Full HD 1920x1080','8GB','256GB Flash Storage','1.13kg',1875,6,3,3,3,1),(826,'Satellite Pro',14,'1366x768','4GB','128GB SSD','1.75kg',499,10,99,57,3,2),(827,'ZenBook Flip',13.3,'Touchscreen / Full HD 1920x1080','8GB','256GB SSD','1.1kg',1358,4,3,3,3,5),(828,'Latitude 3480',14,'1366x768','4GB','500GB HDD','1.76kg',585,5,10,10,3,2),(829,'Chromebook 11',11.6,'IPS Panel 1366x768','4GB','32GB Flash Storage','1.35kg',355,3,31,16,8,3),(830,'Swift 3',14,'IPS Panel Full HD 1920x1080','8GB','128GB SSD','1.5kg',619,3,15,3,3,2),(831,'Blade Pro',17.3,'4K Ultra HD / Touchscreen 3840x2160','32GB','512GB SSD','3.49kg',5499,14,43,46,3,4),(832,'Thinkpad X1',14,'IPS Panel Quad HD+ 2560x1440','16GB','512GB SSD','1.1kg',2099,6,50,10,3,1),(833,'VivoBook Max',15.6,'Full HD 1920x1080','4GB','1TB HDD','2.1kg',519,4,3,91,5,2),(834,'Thinkpad T460',14,'Full HD 1920x1080','8GB','256GB SSD','1.7kg',1186,6,36,10,3,2),(835,'ThinkPad T470s',14,'IPS Panel Full HD 1920x1080','8GB','256GB SSD','1.32kg',1650,6,60,3,3,2),(836,'Alienware 15',15.6,'Full HD 1920x1080','16GB','256GB SSD +  1TB HDD','3.21kg',2774.63,5,26,31,3,4),(837,'Rog GL702VS-BA023T',17.3,'Full HD 1920x1080','16GB','256GB SSD +  1TB HDD','2.9kg',2419,4,26,31,3,4),(838,'Satellite Pro',15.6,'1366x768','4GB','500GB HDD','2.0kg',669,10,15,3,3,2),(839,'N42-20 Chromebook',14,'1366x768','4GB','16GB Flash Storage','1.5kg',325,6,82,16,8,2),(840,'R558UA-DM966T (i5-7200U/8GB/128GB/FHD/W10)',15.6,'Full HD 1920x1080','8GB','128GB HDD','2.3kg',590,4,3,3,3,2),(841,'Rog GL702VM-GC017T',17.3,'Full HD 1920x1080','16GB','512GB SSD +  1TB HDD','2.73kg',1799,4,73,24,3,4),(842,'Alienware 17',17.3,'IPS Panel Full HD 1920x1080','32GB','512GB SSD +  1TB HDD','4.42kg',3072.89,5,26,31,3,4),(843,'ProBook 470',17.3,'1600x900','8GB','1TB HDD','2.63kg',910,2,3,20,3,2),(844,'Vostro 3568',15.6,'1366x768','8GB','128GB SSD','2.18kg',713.99,5,3,3,3,2),(845,'EliteBook 840',14,'Full HD 1920x1080','8GB','512GB SSD','1.54kg',1870,2,45,10,9,1),(846,'Vostro 3568',15.6,'Full HD 1920x1080','4GB','256GB SSD','2.18kg',739,5,13,42,3,2),(847,'Chromebook X360',11.6,'Touchscreen 1366x768','4GB','32GB Flash Storage','1.4kg',615,2,24,22,8,5),(848,'ZenBook UX310UQ-GL026T',13.3,'IPS Panel Full HD 1920x1080','8GB','512GB SSD','1.45kg',1026,4,36,92,3,1),(849,'EliteBook x360',13.3,'Full HD / Touchscreen 1920x1080','8GB','256GB SSD','1.28kg',2277,2,3,3,3,5),(850,'EliteBook 840',14,'Full HD 1920x1080','8GB','512GB SSD','1.54kg',1468,2,45,10,3,1),(851,'250 G6',15.6,'1366x768','4GB','128GB SSD','1.86kg',299,2,31,16,2,2),(852,'Rog GL502VM-DS74',15.6,'Full HD 1920x1080','16GB','128GB SSD +  1TB HDD','2.1kg',1899,4,26,24,3,4),(853,'Inspiron 5767',17.3,'Full HD 1920x1080','8GB','1TB HDD','2.83kg',865,5,13,38,5,2),(854,'ThinkPad T470p',14,'IPS Panel Full HD 1920x1080','8GB','256GB SSD','1.96kg',1903,6,26,60,3,1),(855,'K556UR-DM621T (i7-7500U/8GB/256GB/GeForce',15.6,'IPS Panel Full HD 1920x1080','8GB','256GB SSD','2.3kg',787,4,13,93,3,2),(856,'Latitude 5580',15.6,'Full HD 1920x1080','8GB','128GB SSD','1.9kg',945,5,3,3,3,2),(857,'X541NA (N4200/4GB/1TB/W10)',15.6,'1366x768','4GB','1TB HDD','2kg',449,4,29,43,3,2),(858,'EliteBook x360',13.3,'Full HD / Touchscreen 1920x1080','8GB','256GB SSD','1.28kg',2559,2,55,3,3,5),(859,'Inspiron 5368',13.3,'Full HD / Touchscreen 1920x1080','8GB','1TB HDD','1.62kg',649,5,36,10,3,2),(860,'IdeaPad 110-15ISK',15.6,'Full HD 1920x1080','4GB','1TB HDD','2.2kg',469,6,51,10,2,2),(861,'ThinkPad E570',15.6,'IPS Panel Full HD 1920x1080','8GB','1TB HDD','2.3kg',850.66,6,3,3,3,2),(862,'EliteBook 850',15.6,'Full HD 1920x1080','8GB','256GB SSD','1.84kg',1349,2,60,94,3,2),(863,'Portege X30-D-10X',13.3,'Full HD 1920x1080','4GB','128GB SSD','1.05kg',1285,10,3,3,3,2),(864,'Legion Y520-15IKBN',15.6,'IPS Panel Full HD 1920x1080','8GB','1TB HDD','2.5kg',1017,6,17,17,2,4),(865,'XPS 13',13.3,'Quad HD+ / Touchscreen 3200x1800','16GB','512GB SSD','1.29kg',2240,5,69,1,3,1);
/*!40000 ALTER TABLE `myapp_laptopprice` ENABLE KEYS */;
UNLOCK TABLES;

--
-- Table structure for table `myapp_laptoppriceorders`
--

DROP TABLE IF EXISTS `myapp_laptoppriceorders`;
/*!40101 SET @saved_cs_client     = @@character_set_client */;
/*!50503 SET character_set_client = utf8mb4 */;
CREATE TABLE `myapp_laptoppriceorders` (
  `Laptop_price_id` bigint NOT NULL,
  `quantite` int DEFAULT NULL,
  `Orders_id` bigint NOT NULL,
  PRIMARY KEY (`Laptop_price_id`),
  KEY `myapp_laptoppriceorders_Orders_id_680ddce0_fk_myapp_orders_id` (`Orders_id`),
  CONSTRAINT `myapp_laptoppriceord_Laptop_price_id_4c20d591_fk_myapp_lap` FOREIGN KEY (`Laptop_price_id`) REFERENCES `myapp_laptopprice` (`id`),
  CONSTRAINT `myapp_laptoppriceorders_Orders_id_680ddce0_fk_myapp_orders_id` FOREIGN KEY (`Orders_id`) REFERENCES `myapp_orders` (`id`)
) ENGINE=InnoDB DEFAULT CHARSET=utf8mb4 COLLATE=utf8mb4_0900_ai_ci;
/*!40101 SET character_set_client = @saved_cs_client */;

--
-- Dumping data for table `myapp_laptoppriceorders`
--

LOCK TABLES `myapp_laptoppriceorders` WRITE;
/*!40000 ALTER TABLE `myapp_laptoppriceorders` DISABLE KEYS */;
/*!40000 ALTER TABLE `myapp_laptoppriceorders` ENABLE KEYS */;
UNLOCK TABLES;

--
-- Table structure for table `myapp_laptoppricetest`
--

DROP TABLE IF EXISTS `myapp_laptoppricetest`;
/*!40101 SET @saved_cs_client     = @@character_set_client */;
/*!50503 SET character_set_client = utf8mb4 */;
CREATE TABLE `myapp_laptoppricetest` (
  `id` bigint NOT NULL AUTO_INCREMENT,
  `laptop_ID` int DEFAULT NULL,
  `Company` longtext,
  `Product` longtext,
  `TypeName` longtext,
  `Inches` double DEFAULT NULL,
  `ScreenResolution` longtext,
  `Cpu` longtext,
  `Ram` longtext,
  `Memory` longtext,
  `Gpu` longtext,
  `OpSys` longtext,
  `Weight` longtext,
  `Price_euros` double DEFAULT NULL,
  PRIMARY KEY (`id`)
) ENGINE=InnoDB DEFAULT CHARSET=utf8mb4 COLLATE=utf8mb4_0900_ai_ci;
/*!40101 SET character_set_client = @saved_cs_client */;

--
-- Dumping data for table `myapp_laptoppricetest`
--

LOCK TABLES `myapp_laptoppricetest` WRITE;
/*!40000 ALTER TABLE `myapp_laptoppricetest` DISABLE KEYS */;
/*!40000 ALTER TABLE `myapp_laptoppricetest` ENABLE KEYS */;
UNLOCK TABLES;

--
-- Table structure for table `myapp_opsys`
--

DROP TABLE IF EXISTS `myapp_opsys`;
/*!40101 SET @saved_cs_client     = @@character_set_client */;
/*!50503 SET character_set_client = utf8mb4 */;
CREATE TABLE `myapp_opsys` (
  `id` bigint NOT NULL AUTO_INCREMENT,
  `title` varchar(65) DEFAULT NULL,
  PRIMARY KEY (`id`)
) ENGINE=InnoDB AUTO_INCREMENT=10 DEFAULT CHARSET=utf8mb4 COLLATE=utf8mb4_0900_ai_ci;
/*!40101 SET character_set_client = @saved_cs_client */;

--
-- Dumping data for table `myapp_opsys`
--

LOCK TABLES `myapp_opsys` WRITE;
/*!40000 ALTER TABLE `myapp_opsys` DISABLE KEYS */;
INSERT INTO `myapp_opsys` VALUES (1,'macOS'),(2,'No OS'),(3,'Windows 10'),(4,'Mac OS X'),(5,'Linux'),(6,'Android'),(7,'Windows 10 S'),(8,'Chrome OS'),(9,'Windows 7');
/*!40000 ALTER TABLE `myapp_opsys` ENABLE KEYS */;
UNLOCK TABLES;

--
-- Table structure for table `myapp_orders`
--

DROP TABLE IF EXISTS `myapp_orders`;
/*!40101 SET @saved_cs_client     = @@character_set_client */;
/*!50503 SET character_set_client = utf8mb4 */;
CREATE TABLE `myapp_orders` (
  `id` bigint NOT NULL AUTO_INCREMENT,
  `DateOfOrder` date DEFAULT NULL,
  `User_id` int DEFAULT NULL,
  `Status` int DEFAULT NULL,
  PRIMARY KEY (`id`)
) ENGINE=InnoDB DEFAULT CHARSET=utf8mb4 COLLATE=utf8mb4_0900_ai_ci;
/*!40101 SET character_set_client = @saved_cs_client */;

--
-- Dumping data for table `myapp_orders`
--

LOCK TABLES `myapp_orders` WRITE;
/*!40000 ALTER TABLE `myapp_orders` DISABLE KEYS */;
/*!40000 ALTER TABLE `myapp_orders` ENABLE KEYS */;
UNLOCK TABLES;

--
-- Table structure for table `myapp_typename`
--

DROP TABLE IF EXISTS `myapp_typename`;
/*!40101 SET @saved_cs_client     = @@character_set_client */;
/*!50503 SET character_set_client = utf8mb4 */;
CREATE TABLE `myapp_typename` (
  `id` bigint NOT NULL AUTO_INCREMENT,
  `title` varchar(45) DEFAULT NULL,
  PRIMARY KEY (`id`)
) ENGINE=InnoDB AUTO_INCREMENT=7 DEFAULT CHARSET=utf8mb4 COLLATE=utf8mb4_0900_ai_ci;
/*!40101 SET character_set_client = @saved_cs_client */;

--
-- Dumping data for table `myapp_typename`
--

LOCK TABLES `myapp_typename` WRITE;
/*!40000 ALTER TABLE `myapp_typename` DISABLE KEYS */;
INSERT INTO `myapp_typename` VALUES (1,'Ultrabook'),(2,'Notebook'),(3,'Netbook'),(4,'Gaming'),(5,'2 in 1 Convertible'),(6,'Workstation');
/*!40000 ALTER TABLE `myapp_typename` ENABLE KEYS */;
UNLOCK TABLES;

--
-- Dumping events for database 'laptop_shop2'
--

--
-- Dumping routines for database 'laptop_shop2'
--
/*!40103 SET TIME_ZONE=@OLD_TIME_ZONE */;

/*!40101 SET SQL_MODE=@OLD_SQL_MODE */;
/*!40014 SET FOREIGN_KEY_CHECKS=@OLD_FOREIGN_KEY_CHECKS */;
/*!40014 SET UNIQUE_CHECKS=@OLD_UNIQUE_CHECKS */;
/*!40101 SET CHARACTER_SET_CLIENT=@OLD_CHARACTER_SET_CLIENT */;
/*!40101 SET CHARACTER_SET_RESULTS=@OLD_CHARACTER_SET_RESULTS */;
/*!40101 SET COLLATION_CONNECTION=@OLD_COLLATION_CONNECTION */;
/*!40111 SET SQL_NOTES=@OLD_SQL_NOTES */;

-- Dump completed on 2025-01-24 14:11:55
